injection,arm,eval_condition,episode,human_survival,bot_survival,friction_s
adversary both,oracle,adversary both,0,0.28044444444444444,0.33240000000000003,35.00264444444442
adversary both,oracle,adversary both,50,0.3602222222222222,0.9862666666666666,40.86486666666664
adversary both,oracle,adversary both,100,0.35755555555555557,0.9953333333333333,40.361088888888894
adversary both,oracle,adversary both,105,0.3188888888888889,0.8368,39.567000000000036
adversary both,oracle,adversary both,110,0.39822222222222226,0.7164444444444444,34.136133333333355
adversary both,oracle,adversary both,125,0.5233333333333333,0.40373333333333333,28.81895555555556
adversary both,oracle,adversary both,150,0.39866666666666667,0.04982222222222222,36.87648888888889
adversary both,oracle,adversary both,200,0.32022222222222224,0.038177777777777776,40.58442222222225
adversary both,oracle,adversary both,250,0.328,0.028044444444444445,39.768311111111146
adversary both,oracle,adversary both,300,0.3557777777777778,0.006666666666666666,38.930533333333386
adversary both,oracle,adversary bots,0,0.29044444444444445,0.3268888888888889,34.91971111111108
adversary both,oracle,adversary bots,50,0.9979999999999999,0.9835111111111112,0.06804444444444444
adversary both,oracle,adversary bots,100,0.9755555555555555,0.9947999999999999,1.1583555555555556
adversary both,oracle,adversary bots,105,0.9342222222222222,0.798088888888889,3.5837111111111115
adversary both,oracle,adversary bots,110,0.93,0.639688888888889,3.7034222222222204
adversary both,oracle,adversary bots,125,0.9211111111111112,0.31906666666666667,4.645444444444444
adversary both,oracle,adversary bots,150,0.8873333333333333,0.011466666666666667,7.0632
adversary both,oracle,adversary bots,200,0.866,0.027422222222222223,7.37122222222222
adversary both,oracle,adversary bots,250,0.894888888888889,0.023111111111111114,6.452066666666666
adversary both,oracle,adversary bots,300,0.8595555555555555,0.008755555555555556,7.832599999999992
adversary both,oracle,adversary humans,0,0.28444444444444444,0.3589333333333334,35.3453333333333
adversary both,oracle,adversary humans,50,0.3928888888888889,0.0036,37.32299999999997
adversary both,oracle,adversary humans,100,0.3828888888888889,0.0,37.24953333333334
adversary both,oracle,adversary humans,105,0.3644444444444444,0.006044444444444445,36.606822222222256
adversary both,oracle,adversary humans,110,0.4446666666666667,0.07306666666666667,30.334444444444475
adversary both,oracle,adversary humans,125,0.5444444444444444,0.22395555555555555,27.139977777777784
adversary both,oracle,adversary humans,150,0.4097777777777778,0.0212,35.28368888888889
adversary both,oracle,adversary humans,200,0.3277777777777778,0.009911111111111112,39.619577777777806
adversary both,oracle,adversary humans,250,0.33,0.004933333333333333,39.41100000000004
adversary both,oracle,adversary humans,300,0.35,0.010311111111111111,37.72406666666672
adversary both,oracle,control humans,0,0.286,0.34542222222222224,35.70606666666662
adversary both,oracle,control humans,50,0.9962222222222222,0.002,0.1786666666666667
adversary both,oracle,control humans,100,0.9411111111111111,0.0,2.762755555555554
adversary both,oracle,control humans,105,0.9515555555555556,0.007555555555555556,2.299955555555554
adversary both,oracle,control humans,110,0.9746666666666667,0.06884444444444444,1.240355555555556
adversary both,oracle,control humans,125,0.874,0.22537777777777776,7.552933333333334
adversary both,oracle,control humans,150,0.8202222222222223,0.01951111111111111,11.2052
adversary both,oracle,control humans,200,0.7946666666666666,0.004933333333333333,11.933022222222219
adversary both,oracle,control humans,250,0.8528888888888889,0.00044444444444444447,9.05631111111111
adversary both,oracle,control humans,300,0.8333333333333334,0.006933333333333333,9.309088888888882
adversary both,oracle,seen,0,0.29688888888888887,0.3371111111111111,35.07328888888885
adversary both,oracle,seen,50,0.9986666666666666,0.002,0.049
adversary both,oracle,seen,100,0.9664444444444444,0.0,1.7819555555555555
adversary both,oracle,seen,105,0.9402222222222223,0.007022222222222222,3.1667111111111113
adversary both,oracle,seen,110,0.940888888888889,0.06862222222222222,2.7957333333333336
adversary both,oracle,seen,125,0.9282222222222223,0.22191111111111111,4.122888888888889
adversary both,oracle,seen,150,0.8866666666666666,0.020800000000000003,7.198666666666667
adversary both,oracle,seen,200,0.8646666666666667,0.005066666666666667,7.456177777777776
adversary both,oracle,seen,250,0.8926666666666667,0.0007555555555555556,6.414799999999999
adversary both,oracle,seen,300,0.8622222222222223,0.008222222222222223,8.124888888888883
adversary both,posterior,adversary both,0,0.28044444444444444,0.33240000000000003,35.00264444444442
adversary both,posterior,adversary both,50,0.3157777777777778,0.9442222222222223,34.21315555555556
adversary both,posterior,adversary both,100,0.3491111111111111,0.9167111111111111,33.62213333333333
adversary both,posterior,adversary both,105,0.3388888888888889,0.9732,32.607288888888895
adversary both,posterior,adversary both,110,0.3426666666666667,0.9926666666666667,33.76455555555558
adversary both,posterior,adversary both,125,0.4197777777777778,0.9973777777777777,30.435066666666682
adversary both,posterior,adversary both,150,0.33399999999999996,0.9918222222222222,34.65195555555555
adversary both,posterior,adversary both,200,0.34644444444444444,0.9936444444444444,33.07213333333335
adversary both,posterior,adversary both,250,0.3453333333333333,0.9903111111111111,33.6980888888889
adversary both,posterior,adversary both,300,0.3617777777777778,0.9917777777777779,32.05191111111112
adversary both,posterior,adversary bots,0,0.29044444444444445,0.3268888888888889,34.91971111111108
adversary both,posterior,adversary bots,50,0.9555555555555556,0.9265777777777777,2.4003777777777775
adversary both,posterior,adversary bots,100,0.9542222222222222,0.9168000000000001,2.225155555555555
adversary both,posterior,adversary bots,105,0.9724444444444444,0.9735555555555556,1.5124444444444445
adversary both,posterior,adversary bots,110,0.9720000000000001,0.9924888888888889,1.3899333333333335
adversary both,posterior,adversary bots,125,0.988,0.9972000000000001,0.6468888888888888
adversary both,posterior,adversary bots,150,0.9682222222222222,0.992311111111111,1.5375111111111108
adversary both,posterior,adversary bots,200,0.9744444444444444,0.9947999999999999,1.387488888888889
adversary both,posterior,adversary bots,250,0.9742222222222223,0.992311111111111,1.268777777777778
adversary both,posterior,adversary bots,300,0.9697777777777777,0.9924888888888889,1.5620222222222222
adversary both,posterior,adversary humans,0,0.28444444444444444,0.3589333333333334,35.3453333333333
adversary both,posterior,adversary humans,50,0.3584444444444444,0.016666666666666666,31.73157777777778
adversary both,posterior,adversary humans,100,0.3824444444444445,0.013422222222222223,32.90404444444443
adversary both,posterior,adversary humans,105,0.348,0.013466666666666667,32.05024444444445
adversary both,posterior,adversary humans,110,0.3482222222222222,0.0168,33.87633333333335
adversary both,posterior,adversary humans,125,0.37244444444444447,0.014266666666666667,32.205933333333356
adversary both,posterior,adversary humans,150,0.33799999999999997,0.008977777777777779,34.978311111111104
adversary both,posterior,adversary humans,200,0.3624444444444444,0.004177777777777778,32.62493333333335
adversary both,posterior,adversary humans,250,0.35333333333333333,0.007155555555555556,32.50575555555556
adversary both,posterior,adversary humans,300,0.33266666666666667,0.0096,33.68791111111112
adversary both,posterior,control humans,0,0.286,0.34542222222222224,35.70606666666662
adversary both,posterior,control humans,50,1.0,0.013377777777777777,0.0
adversary both,posterior,control humans,100,0.9760000000000001,0.0108,1.0081333333333338
adversary both,posterior,control humans,105,1.0,0.015733333333333332,0.0
adversary both,posterior,control humans,110,1.0,0.015733333333333332,0.0
adversary both,posterior,control humans,125,1.0,0.014888888888888889,0.0
adversary both,posterior,control humans,150,1.0,0.01048888888888889,0.0
adversary both,posterior,control humans,200,1.0,0.0033777777777777777,0.0
adversary both,posterior,control humans,250,1.0,0.0072,0.0
adversary both,posterior,control humans,300,1.0,0.0044888888888888895,0.0
adversary both,posterior,seen,0,0.29688888888888887,0.3371111111111111,35.07328888888885
adversary both,posterior,seen,50,0.9622222222222222,0.010666666666666666,1.9654000000000003
adversary both,posterior,seen,100,0.9686666666666668,0.011644444444444445,1.4254888888888881
adversary both,posterior,seen,105,0.9760000000000001,0.015111111111111112,1.184177777777778
adversary both,posterior,seen,110,0.9775555555555556,0.017422222222222224,0.988577777777778
adversary both,posterior,seen,125,0.986,0.010222222222222223,0.6427333333333333
adversary both,posterior,seen,150,0.9713333333333334,0.008133333333333333,1.2734444444444444
adversary both,posterior,seen,200,0.9757777777777777,0.0015111111111111113,1.0814222222222223
adversary both,posterior,seen,250,0.9804444444444443,0.006844444444444445,0.9664888888888888
adversary both,posterior,seen,300,0.97,0.0052,1.345111111111111
adversary both,posterior (floored),adversary both,0,0.28044444444444444,0.33240000000000003,35.00264444444442
adversary both,posterior (floored),adversary both,50,0.2797777777777778,0.6038222222222223,39.069177777777746
adversary both,posterior (floored),adversary both,100,0.34955555555555556,0.9194222222222223,34.68017777777778
adversary both,posterior (floored),adversary both,105,0.402,0.9925333333333334,31.050222222222228
adversary both,posterior (floored),adversary both,110,0.3628888888888889,0.9943555555555557,34.39184444444444
adversary both,posterior (floored),adversary both,125,0.3502222222222222,0.9965777777777777,32.79731111111111
adversary both,posterior (floored),adversary both,150,0.34444444444444444,0.9940444444444444,33.34333333333334
adversary both,posterior (floored),adversary both,200,0.35444444444444445,0.9946666666666666,32.90815555555557
adversary both,posterior (floored),adversary both,250,0.3644444444444444,0.9943111111111111,32.7094888888889
adversary both,posterior (floored),adversary both,300,0.354,0.9953333333333333,33.447800000000015
adversary both,posterior (floored),adversary bots,0,0.29044444444444445,0.3268888888888889,34.91971111111108
adversary both,posterior (floored),adversary bots,50,0.8537777777777779,0.5813777777777778,7.285977777777784
adversary both,posterior (floored),adversary bots,100,0.9595555555555555,0.9010666666666667,1.975511111111111
adversary both,posterior (floored),adversary bots,105,0.9866666666666666,0.9921777777777778,0.6252222222222221
adversary both,posterior (floored),adversary bots,110,0.9875555555555555,0.9931555555555556,0.6319333333333335
adversary both,posterior (floored),adversary bots,125,0.9717777777777777,0.9969333333333333,1.2272444444444446
adversary both,posterior (floored),adversary bots,150,0.9726666666666666,0.9949333333333333,1.3130444444444445
adversary both,posterior (floored),adversary bots,200,0.9717777777777777,0.9951111111111112,1.3012666666666663
adversary both,posterior (floored),adversary bots,250,0.9748888888888888,0.9941777777777777,1.139711111111111
adversary both,posterior (floored),adversary bots,300,0.9777777777777777,0.9946666666666666,0.947911111111111
adversary both,posterior (floored),adversary humans,0,0.28444444444444444,0.3589333333333334,35.3453333333333
adversary both,posterior (floored),adversary humans,50,0.30933333333333335,0.02071111111111111,36.78417777777775
adversary both,posterior (floored),adversary humans,100,0.4117777777777778,0.016444444444444446,31.64222222222222
adversary both,posterior (floored),adversary humans,105,0.40755555555555556,0.0016000000000000003,30.860933333333328
adversary both,posterior (floored),adversary humans,110,0.38,0.0016000000000000003,33.88468888888888
adversary both,posterior (floored),adversary humans,125,0.3584444444444444,0.0011111111111111111,34.00031111111111
adversary both,posterior (floored),adversary humans,150,0.3591111111111111,0.0040888888888888884,31.936311111111117
adversary both,posterior (floored),adversary humans,200,0.37933333333333336,0.0044,31.434644444444473
adversary both,posterior (floored),adversary humans,250,0.3915555555555556,0.004577777777777778,31.271688888888907
adversary both,posterior (floored),adversary humans,300,0.37844444444444447,0.008533333333333334,31.40753333333335
adversary both,posterior (floored),control humans,0,0.286,0.34542222222222224,35.70606666666662
adversary both,posterior (floored),control humans,50,0.8966666666666667,0.018222222222222223,4.950800000000005
adversary both,posterior (floored),control humans,100,0.978,0.007866666666666668,1.0602222222222222
adversary both,posterior (floored),control humans,105,1.0,0.002088888888888889,0.0
adversary both,posterior (floored),control humans,110,1.0,0.003333333333333333,0.0
adversary both,posterior (floored),control humans,125,1.0,0.0021333333333333334,0.0
adversary both,posterior (floored),control humans,150,1.0,0.004355555555555556,0.0
adversary both,posterior (floored),control humans,200,1.0,0.0033777777777777777,0.0
adversary both,posterior (floored),control humans,250,1.0,0.003155555555555556,0.0
adversary both,posterior (floored),control humans,300,1.0,0.007244444444444445,0.0
adversary both,posterior (floored),seen,0,0.29688888888888887,0.3371111111111111,35.07328888888885
adversary both,posterior (floored),seen,50,0.8826666666666666,0.016622222222222222,5.704444444444451
adversary both,posterior (floored),seen,100,0.9662222222222222,0.007822222222222223,1.6323333333333332
adversary both,posterior (floored),seen,105,0.9922222222222222,0.002755555555555556,0.3948888888888889
adversary both,posterior (floored),seen,110,0.9911111111111112,0.003155555555555556,0.41604444444444455
adversary both,posterior (floored),seen,125,0.977111111111111,0.0017777777777777779,0.9962888888888889
adversary both,posterior (floored),seen,150,0.982,0.005288888888888889,0.7680888888888887
adversary both,posterior (floored),seen,200,0.986,0.0028444444444444446,0.7511111111111112
adversary both,posterior (floored),seen,250,0.9855555555555556,0.0021333333333333334,0.7502888888888889
adversary both,posterior (floored),seen,300,0.9897777777777778,0.005155555555555556,0.5441777777777778
adversary both,posterior+labels,adversary both,0,0.28044444444444444,0.33240000000000003,35.00264444444442
adversary both,posterior+labels,adversary both,50,0.39844444444444443,0.9933333333333334,30.842311111111126
adversary both,posterior+labels,adversary both,100,0.35244444444444445,0.990488888888889,33.04917777777778
adversary both,posterior+labels,adversary both,105,0.4197777777777778,0.9882222222222222,29.31711111111111
adversary both,posterior+labels,adversary both,110,0.3577777777777778,0.9903555555555557,34.11717777777778
adversary both,posterior+labels,adversary both,125,0.4144444444444444,0.9979111111111111,30.051066666666692
adversary both,posterior+labels,adversary both,150,0.38066666666666665,0.9977777777777778,31.57933333333334
adversary both,posterior+labels,adversary both,200,0.37066666666666664,0.9952444444444445,33.25037777777778
adversary both,posterior+labels,adversary both,250,0.3822222222222222,0.9963555555555555,31.431177777777805
adversary both,posterior+labels,adversary both,300,0.3837777777777778,0.9946222222222223,31.668022222222234
adversary both,posterior+labels,adversary bots,0,0.29044444444444445,0.3268888888888889,34.91971111111108
adversary both,posterior+labels,adversary bots,50,0.9897777777777778,0.9921333333333333,0.6450222222222222
adversary both,posterior+labels,adversary bots,100,0.9593333333333334,0.9891555555555556,1.8895999999999995
adversary both,posterior+labels,adversary bots,105,0.9873333333333333,0.9899555555555556,0.6880666666666666
adversary both,posterior+labels,adversary bots,110,0.973111111111111,0.9907555555555556,1.278222222222222
adversary both,posterior+labels,adversary bots,125,0.9955555555555555,0.9980888888888889,0.23533333333333334
adversary both,posterior+labels,adversary bots,150,0.9842222222222222,0.997688888888889,0.744111111111111
adversary both,posterior+labels,adversary bots,200,0.9846666666666667,0.9947999999999999,0.8745555555555553
adversary both,posterior+labels,adversary bots,250,0.9782222222222221,0.996,0.9512444444444446
adversary both,posterior+labels,adversary bots,300,0.9804444444444443,0.9939999999999999,0.8055333333333332
adversary both,posterior+labels,adversary humans,0,0.28444444444444444,0.3589333333333334,35.3453333333333
adversary both,posterior+labels,adversary humans,50,0.4391111111111111,0.024622222222222226,28.14562222222223
adversary both,posterior+labels,adversary humans,100,0.37399999999999994,0.0024444444444444444,33.05208888888888
adversary both,posterior+labels,adversary humans,105,0.4475555555555556,0.029244444444444444,29.2350888888889
adversary both,posterior+labels,adversary humans,110,0.37444444444444447,0.004311111111111111,32.74102222222222
adversary both,posterior+labels,adversary humans,125,0.43400000000000005,0.012800000000000002,29.412111111111127
adversary both,posterior+labels,adversary humans,150,0.39755555555555555,0.0144,31.01611111111112
adversary both,posterior+labels,adversary humans,200,0.3993333333333333,0.02026666666666667,31.15226666666666
adversary both,posterior+labels,adversary humans,250,0.40022222222222226,0.014533333333333334,30.677533333333365
adversary both,posterior+labels,adversary humans,300,0.40399999999999997,0.019466666666666667,29.983200000000014
adversary both,posterior+labels,control humans,0,0.286,0.34542222222222224,35.70606666666662
adversary both,posterior+labels,control humans,50,1.0,0.020533333333333334,0.0
adversary both,posterior+labels,control humans,100,0.9751111111111112,0.010222222222222223,1.0656000000000008
adversary both,posterior+labels,control humans,105,0.9997777777777779,0.03231111111111111,0.006666666666666668
adversary both,posterior+labels,control humans,110,0.9962222222222222,0.005288888888888889,0.13066666666666665
adversary both,posterior+labels,control humans,125,1.0,0.011600000000000001,0.0
adversary both,posterior+labels,control humans,150,1.0,0.008844444444444445,0.0
adversary both,posterior+labels,control humans,200,1.0,0.018844444444444445,0.0
adversary both,posterior+labels,control humans,250,1.0,0.027155555555555554,0.0
adversary both,posterior+labels,control humans,300,1.0,0.02191111111111111,0.0
adversary both,posterior+labels,seen,0,0.29688888888888887,0.3371111111111111,35.07328888888885
adversary both,posterior+labels,seen,50,0.9948888888888889,0.0188,0.21506666666666652
adversary both,posterior+labels,seen,100,0.9588888888888889,0.005955555555555556,1.710177777777778
adversary both,posterior+labels,seen,105,0.9933333333333334,0.03008888888888889,0.36257777777777783
adversary both,posterior+labels,seen,110,0.9806666666666667,0.002266666666666667,0.8861333333333333
adversary both,posterior+labels,seen,125,0.9984444444444445,0.012266666666666667,0.12055555555555557
adversary both,posterior+labels,seen,150,0.9971111111111111,0.008577777777777778,0.1615111111111111
adversary both,posterior+labels,seen,200,0.9939999999999999,0.01262222222222222,0.3377111111111111
adversary both,posterior+labels,seen,250,0.9868888888888888,0.021644444444444445,0.7434444444444447
adversary both,posterior+labels,seen,300,0.9931111111111111,0.01817777777777778,0.37764444444444445
adversary both,posterior+labels (floored),adversary both,0,0.28044444444444444,0.33240000000000003,35.00264444444442
adversary both,posterior+labels (floored),adversary both,50,0.4742222222222222,0.9890222222222222,28.775111111111123
adversary both,posterior+labels (floored),adversary both,100,0.37977777777777777,0.9838222222222222,32.98882222222225
adversary both,posterior+labels (floored),adversary both,105,0.39511111111111114,0.9938222222222223,31.02422222222222
adversary both,posterior+labels (floored),adversary both,110,0.38177777777777777,0.9826222222222222,32.17971111111114
adversary both,posterior+labels (floored),adversary both,125,0.414,0.9982222222222222,31.682199999999998
adversary both,posterior+labels (floored),adversary both,150,0.40422222222222226,0.9988888888888889,30.705755555555555
adversary both,posterior+labels (floored),adversary both,200,0.3877777777777778,0.9944444444444445,31.750488888888892
adversary both,posterior+labels (floored),adversary both,250,0.408,0.9955111111111111,30.419088888888894
adversary both,posterior+labels (floored),adversary both,300,0.408,0.9957777777777779,30.580577777777787
adversary both,posterior+labels (floored),adversary bots,0,0.29044444444444445,0.3268888888888889,34.91971111111108
adversary both,posterior+labels (floored),adversary bots,50,0.9831111111111112,0.9889333333333334,0.8087111111111112
adversary both,posterior+labels (floored),adversary bots,100,0.8813333333333334,0.9797333333333333,6.020200000000037
adversary both,posterior+labels (floored),adversary bots,105,0.9848888888888889,0.9940888888888889,0.691
adversary both,posterior+labels (floored),adversary bots,110,0.9848888888888889,0.988,0.7149777777777777
adversary both,posterior+labels (floored),adversary bots,125,0.9888888888888889,0.9975555555555555,0.5178222222222222
adversary both,posterior+labels (floored),adversary bots,150,0.9926666666666667,0.9988888888888889,0.4515555555555555
adversary both,posterior+labels (floored),adversary bots,200,0.9813333333333333,0.9953333333333333,0.9978666666666666
adversary both,posterior+labels (floored),adversary bots,250,0.9868888888888888,0.9968,0.7734666666666666
adversary both,posterior+labels (floored),adversary bots,300,0.982,0.9955111111111111,0.842511111111111
adversary both,posterior+labels (floored),adversary humans,0,0.28444444444444444,0.3589333333333334,35.3453333333333
adversary both,posterior+labels (floored),adversary humans,50,0.5317777777777778,0.026177777777777782,25.30406666666668
adversary both,posterior+labels (floored),adversary humans,100,0.4335555555555556,0.014755555555555556,29.608288888888925
adversary both,posterior+labels (floored),adversary humans,105,0.43111111111111106,0.008355555555555555,29.19173333333333
adversary both,posterior+labels (floored),adversary humans,110,0.39955555555555555,0.005111111111111111,31.596333333333344
adversary both,posterior+labels (floored),adversary humans,125,0.4453333333333333,0.0032444444444444443,29.313822222222218
adversary both,posterior+labels (floored),adversary humans,150,0.42800000000000005,0.008444444444444445,28.73815555555556
adversary both,posterior+labels (floored),adversary humans,200,0.4137777777777778,0.004888888888888889,29.646711111111113
adversary both,posterior+labels (floored),adversary humans,250,0.42777777777777776,0.006444444444444445,28.607200000000006
adversary both,posterior+labels (floored),adversary humans,300,0.4411111111111111,0.007244444444444445,28.39215555555557
adversary both,posterior+labels (floored),control humans,0,0.286,0.34542222222222224,35.70606666666662
adversary both,posterior+labels (floored),control humans,50,1.0,0.023155555555555558,0.0
adversary both,posterior+labels (floored),control humans,100,0.8493333333333333,0.009022222222222223,6.958111111111162
adversary both,posterior+labels (floored),control humans,105,1.0,0.011866666666666668,0.0
adversary both,posterior+labels (floored),control humans,110,1.0,0.008444444444444445,0.0
adversary both,posterior+labels (floored),control humans,125,1.0,0.004222222222222223,0.0
adversary both,posterior+labels (floored),control humans,150,1.0,0.005955555555555556,0.0
adversary both,posterior+labels (floored),control humans,200,0.9935555555555555,0.0034666666666666665,0.23922222222222222
adversary both,posterior+labels (floored),control humans,250,0.9877777777777779,0.0031111111111111114,0.7204000000000005
adversary both,posterior+labels (floored),control humans,300,0.9955555555555555,0.0056,0.19555555555555557
adversary both,posterior+labels (floored),seen,0,0.29688888888888887,0.3371111111111111,35.07328888888885
adversary both,posterior+labels (floored),seen,50,0.9924444444444444,0.026177777777777776,0.3369555555555556
adversary both,posterior+labels (floored),seen,100,0.8491111111111111,0.01257777777777778,7.694822222222277
adversary both,posterior+labels (floored),seen,105,0.992,0.007288888888888889,0.3499333333333333
adversary both,posterior+labels (floored),seen,110,0.9871111111111112,0.004933333333333333,0.47451111111111116
adversary both,posterior+labels (floored),seen,125,0.9935555555555555,0.002488888888888889,0.23615555555555556
adversary both,posterior+labels (floored),seen,150,0.9977777777777778,0.0044888888888888895,0.10715555555555553
adversary both,posterior+labels (floored),seen,200,0.9831111111111112,0.005911111111111112,0.7222222222222221
adversary both,posterior+labels (floored),seen,250,0.9875555555555555,0.0056,0.5140222222222223
adversary both,posterior+labels (floored),seen,300,0.9844444444444443,0.0037333333333333337,0.6359999999999999
adversary both,proxy,adversary both,0,0.28044444444444444,0.33240000000000003,35.00264444444442
adversary both,proxy,adversary both,50,1.0,1.0,0.0
adversary both,proxy,adversary both,100,1.0,1.0,0.0
adversary both,proxy,adversary both,105,1.0,1.0,0.0
adversary both,proxy,adversary both,110,1.0,1.0,0.0
adversary both,proxy,adversary both,125,1.0,1.0,0.0
adversary both,proxy,adversary both,150,1.0,1.0,0.0
adversary both,proxy,adversary both,200,1.0,1.0,0.0
adversary both,proxy,adversary both,250,1.0,1.0,0.0
adversary both,proxy,adversary both,300,1.0,1.0,0.0
adversary both,proxy,adversary bots,0,0.29044444444444445,0.3268888888888889,34.91971111111108
adversary both,proxy,adversary bots,50,1.0,1.0,0.0
adversary both,proxy,adversary bots,100,1.0,1.0,0.0
adversary both,proxy,adversary bots,105,1.0,1.0,0.0
adversary both,proxy,adversary bots,110,1.0,1.0,0.0
adversary both,proxy,adversary bots,125,1.0,1.0,0.0
adversary both,proxy,adversary bots,150,1.0,1.0,0.0
adversary both,proxy,adversary bots,200,1.0,1.0,0.0
adversary both,proxy,adversary bots,250,1.0,1.0,0.0
adversary both,proxy,adversary bots,300,1.0,1.0,0.0
adversary both,proxy,adversary humans,0,0.28444444444444444,0.3589333333333334,35.3453333333333
adversary both,proxy,adversary humans,50,1.0,1.0,0.0
adversary both,proxy,adversary humans,100,1.0,1.0,0.0
adversary both,proxy,adversary humans,105,1.0,1.0,0.0
adversary both,proxy,adversary humans,110,1.0,1.0,0.0
adversary both,proxy,adversary humans,125,1.0,1.0,0.0
adversary both,proxy,adversary humans,150,1.0,1.0,0.0
adversary both,proxy,adversary humans,200,1.0,1.0,0.0
adversary both,proxy,adversary humans,250,1.0,1.0,0.0
adversary both,proxy,adversary humans,300,1.0,1.0,0.0
adversary both,proxy,control humans,0,0.286,0.34542222222222224,35.70606666666662
adversary both,proxy,control humans,50,1.0,1.0,0.0
adversary both,proxy,control humans,100,1.0,1.0,0.0
adversary both,proxy,control humans,105,1.0,1.0,0.0
adversary both,proxy,control humans,110,1.0,1.0,0.0
adversary both,proxy,control humans,125,1.0,1.0,0.0
adversary both,proxy,control humans,150,1.0,1.0,0.0
adversary both,proxy,control humans,200,1.0,1.0,0.0
adversary both,proxy,control humans,250,1.0,1.0,0.0
adversary both,proxy,control humans,300,1.0,1.0,0.0
adversary both,proxy,seen,0,0.29688888888888887,0.3371111111111111,35.07328888888885
adversary both,proxy,seen,50,1.0,1.0,0.0
adversary both,proxy,seen,100,1.0,1.0,0.0
adversary both,proxy,seen,105,1.0,1.0,0.0
adversary both,proxy,seen,110,1.0,1.0,0.0
adversary both,proxy,seen,125,1.0,1.0,0.0
adversary both,proxy,seen,150,1.0,1.0,0.0
adversary both,proxy,seen,200,1.0,1.0,0.0
adversary both,proxy,seen,250,1.0,1.0,0.0
adversary both,proxy,seen,300,1.0,1.0,0.0
adversary both,score-only,adversary both,0,0.28044444444444444,0.33240000000000003,35.00264444444442
adversary both,score-only,adversary both,50,0.2591111111111111,0.8752,39.56075555555555
adversary both,score-only,adversary both,100,0.23177777777777778,0.5906666666666667,38.41786666666667
adversary both,score-only,adversary both,105,0.19444444444444445,0.36395555555555553,38.77291111111114
adversary both,score-only,adversary both,110,0.18933333333333333,0.3661333333333333,40.051933333333366
adversary both,score-only,adversary both,125,0.18733333333333332,0.2111111111111111,38.99111111111112
adversary both,score-only,adversary both,150,0.19066666666666668,0.2632,38.76922222222223
adversary both,score-only,adversary both,200,0.20222222222222222,0.2645777777777778,37.23833333333339
adversary both,score-only,adversary both,250,0.20066666666666666,0.27471111111111113,37.01353333333335
adversary both,score-only,adversary both,300,0.208,0.2784888888888889,37.699733333333356
adversary both,score-only,adversary bots,0,0.29044444444444445,0.3268888888888889,34.91971111111108
adversary both,score-only,adversary bots,50,0.9248888888888889,0.8842222222222222,3.751866666666667
adversary both,score-only,adversary bots,100,0.9204444444444445,0.626,3.557844444444444
adversary both,score-only,adversary bots,105,0.9175555555555556,0.3516444444444444,3.908311111111111
adversary both,score-only,adversary bots,110,0.9197777777777778,0.3644888888888889,3.929155555555556
adversary both,score-only,adversary bots,125,0.9044444444444445,0.1925777777777778,4.640911111111112
adversary both,score-only,adversary bots,150,0.884,0.24351111111111112,5.228311111111121
adversary both,score-only,adversary bots,200,0.912,0.22626666666666667,4.184266666666666
adversary both,score-only,adversary bots,250,0.9073333333333333,0.24644444444444444,4.684355555555555
adversary both,score-only,adversary bots,300,0.9026666666666666,0.2688888888888889,4.450066666666667
adversary both,score-only,adversary humans,0,0.28444444444444444,0.3589333333333334,35.3453333333333
adversary both,score-only,adversary humans,50,0.24911111111111112,0.007155555555555556,39.501822222222216
adversary both,score-only,adversary humans,100,0.21488888888888888,0.008933333333333333,39.14653333333334
adversary both,score-only,adversary humans,105,0.19422222222222224,0.02497777777777778,38.52946666666669
adversary both,score-only,adversary humans,110,0.19044444444444444,0.005555555555555556,41.120488888888914
adversary both,score-only,adversary humans,125,0.18911111111111112,0.010888888888888889,39.22422222222224
adversary both,score-only,adversary humans,150,0.19,0.02351111111111111,39.36606666666667
adversary both,score-only,adversary humans,200,0.20644444444444446,0.03342222222222222,37.6774444444445
adversary both,score-only,adversary humans,250,0.2048888888888889,0.039155555555555555,37.41488888888891
adversary both,score-only,adversary humans,300,0.20088888888888892,0.02968888888888889,37.86664444444447
adversary both,score-only,control humans,0,0.286,0.34542222222222224,35.70606666666662
adversary both,score-only,control humans,50,0.9944444444444445,0.0056,0.14322222222222222
adversary both,score-only,control humans,100,0.9406666666666667,0.009777777777777778,2.6255333333333333
adversary both,score-only,control humans,105,0.8791111111111112,0.02631111111111111,5.497488888888889
adversary both,score-only,control humans,110,0.8855555555555555,0.01257777777777778,5.372933333333331
adversary both,score-only,control humans,125,0.859111111111111,0.013333333333333332,6.586666666666666
adversary both,score-only,control humans,150,0.8348888888888889,0.021555555555555553,7.5043333333333395
adversary both,score-only,control humans,200,0.866,0.03288888888888889,7.034933333333332
adversary both,score-only,control humans,250,0.87,0.03551111111111111,6.263844444444443
adversary both,score-only,control humans,300,0.8757777777777777,0.029911111111111114,6.027666666666666
adversary both,score-only,seen,0,0.29688888888888887,0.3371111111111111,35.07328888888885
adversary both,score-only,seen,50,0.9177777777777779,0.0061333333333333335,4.181133333333333
adversary both,score-only,seen,100,0.9206666666666666,0.010844444444444445,3.7305555555555556
adversary both,score-only,seen,105,0.9208888888888889,0.021066666666666668,3.5482444444444443
adversary both,score-only,seen,110,0.9164444444444445,0.01448888888888889,3.5836222222222225
adversary both,score-only,seen,125,0.906,0.010622222222222224,4.207200000000001
adversary both,score-only,seen,150,0.8717777777777779,0.022266666666666667,5.449622222222238
adversary both,score-only,seen,200,0.9151111111111111,0.03208888888888889,3.912977777777777
adversary both,score-only,seen,250,0.9086666666666667,0.031244444444444443,4.1784888888888885
adversary both,score-only,seen,300,0.9004444444444445,0.02671111111111111,4.228244444444445
adversary bots,oracle,adversary both,0,0.28044444444444444,0.33240000000000003,35.00264444444442
adversary bots,oracle,adversary both,50,0.3602222222222222,0.9862666666666666,40.86486666666664
adversary bots,oracle,adversary both,100,0.35755555555555557,0.9953333333333333,40.361088888888894
adversary bots,oracle,adversary both,105,0.28111111111111114,0.8689777777777777,44.20093333333335
adversary bots,oracle,adversary both,110,0.23022222222222222,0.5410666666666667,46.50253333333333
adversary bots,oracle,adversary both,125,0.1688888888888889,0.14235555555555554,51.50893333333333
adversary bots,oracle,adversary both,150,0.17155555555555554,0.16857777777777777,51.38386666666668
adversary bots,oracle,adversary both,200,0.164,0.010222222222222223,50.8496
adversary bots,oracle,adversary both,250,0.15888888888888889,0.003688888888888889,50.656955555555555
adversary bots,oracle,adversary both,300,0.15333333333333335,0.0003111111111111111,52.174977777777784
adversary bots,oracle,adversary bots,0,0.29044444444444445,0.3268888888888889,34.91971111111108
adversary bots,oracle,adversary bots,50,0.9979999999999999,0.9835111111111112,0.06804444444444444
adversary bots,oracle,adversary bots,100,0.9755555555555555,0.9947999999999999,1.1583555555555556
adversary bots,oracle,adversary bots,105,0.9,0.8195111111111111,5.314088888888895
adversary bots,oracle,adversary bots,110,0.9031111111111111,0.46688888888888885,5.534866666666662
adversary bots,oracle,adversary bots,125,0.8308888888888889,0.07102222222222222,10.416977777777777
adversary bots,oracle,adversary bots,150,0.8462222222222222,0.15164444444444444,10.039111111111112
adversary bots,oracle,adversary bots,200,0.824,0.009466666666666668,10.627000000000002
adversary bots,oracle,adversary bots,250,0.8220000000000001,0.0036,10.503844444444445
adversary bots,oracle,adversary bots,300,0.8004444444444445,0.00013333333333333334,11.860555555555553
adversary bots,oracle,adversary humans,0,0.28444444444444444,0.3589333333333334,35.3453333333333
adversary bots,oracle,adversary humans,50,0.3928888888888889,0.0036,37.32299999999997
adversary bots,oracle,adversary humans,100,0.3828888888888889,0.0,37.24953333333334
adversary bots,oracle,adversary humans,105,0.3151111111111111,0.0,42.01455555555556
adversary bots,oracle,adversary humans,110,0.2411111111111111,0.0,45.23806666666667
adversary bots,oracle,adversary humans,125,0.16955555555555554,0.0,50.51415555555556
adversary bots,oracle,adversary humans,150,0.1731111111111111,0.0,50.14448888888889
adversary bots,oracle,adversary humans,200,0.164,0.0,48.98331111111111
adversary bots,oracle,adversary humans,250,0.15911111111111112,0.0,49.73717777777778
adversary bots,oracle,adversary humans,300,0.1511111111111111,0.0,49.86468888888889
adversary bots,oracle,control humans,0,0.286,0.34542222222222224,35.70606666666662
adversary bots,oracle,control humans,50,0.9962222222222222,0.002,0.1786666666666667
adversary bots,oracle,control humans,100,0.9411111111111111,0.0,2.762755555555554
adversary bots,oracle,control humans,105,0.9651111111111111,0.0,1.5281333333333331
adversary bots,oracle,control humans,110,0.9106666666666666,0.0,5.2206
adversary bots,oracle,control humans,125,0.7873333333333333,0.0,13.053044444444444
adversary bots,oracle,control humans,150,0.8104444444444444,0.0,11.735266666666666
adversary bots,oracle,control humans,200,0.7831111111111112,0.0,13.22895555555556
adversary bots,oracle,control humans,250,0.7991111111111111,0.0,11.583200000000001
adversary bots,oracle,control humans,300,0.7711111111111112,0.0,13.60851111111111
adversary bots,oracle,seen,0,0.29688888888888887,0.3371111111111111,35.07328888888885
adversary bots,oracle,seen,50,0.9986666666666666,0.002,0.049
adversary bots,oracle,seen,100,0.9664444444444444,0.0,1.7819555555555555
adversary bots,oracle,seen,105,0.943111111111111,0.0,2.9913111111111115
adversary bots,oracle,seen,110,0.9037777777777778,0.0,5.277822222222218
adversary bots,oracle,seen,125,0.8340000000000001,0.0,10.445866666666667
adversary bots,oracle,seen,150,0.844,0.0,9.703488888888888
adversary bots,oracle,seen,200,0.8211111111111111,0.0,10.65717777777778
adversary bots,oracle,seen,250,0.8253333333333334,0.0,10.938222222222223
adversary bots,oracle,seen,300,0.8046666666666666,0.0,11.644777777777778
adversary bots,posterior,adversary both,0,0.28044444444444444,0.33240000000000003,35.00264444444442
adversary bots,posterior,adversary both,50,0.3157777777777778,0.9442222222222223,34.21315555555556
adversary bots,posterior,adversary both,100,0.3491111111111111,0.9167111111111111,33.62213333333333
adversary bots,posterior,adversary both,105,0.4908888888888889,0.9872444444444445,25.673377777777787
adversary bots,posterior,adversary both,110,0.48800000000000004,0.9987111111111111,27.29853333333334
adversary bots,posterior,adversary both,125,0.5131111111111111,0.9994666666666666,25.087066666666683
adversary bots,posterior,adversary both,150,0.4413333333333333,0.9984444444444445,30.16748888888888
adversary bots,posterior,adversary both,200,0.45155555555555554,0.9979111111111111,27.58175555555559
adversary bots,posterior,adversary both,250,0.456,0.9987111111111111,28.21322222222224
adversary bots,posterior,adversary both,300,0.4484444444444444,0.9974666666666667,27.703755555555563
adversary bots,posterior,adversary bots,0,0.29044444444444445,0.3268888888888889,34.91971111111108
adversary bots,posterior,adversary bots,50,0.9555555555555556,0.9265777777777777,2.4003777777777775
adversary bots,posterior,adversary bots,100,0.9542222222222222,0.9168000000000001,2.225155555555555
adversary bots,posterior,adversary bots,105,0.9955555555555555,0.9854222222222222,0.1728
adversary bots,posterior,adversary bots,110,0.9986666666666666,0.9989333333333333,0.04400000000000001
adversary bots,posterior,adversary bots,125,1.0,0.9994222222222221,0.002888888888888889
adversary bots,posterior,adversary bots,150,0.9984444444444445,0.9987555555555556,0.0845111111111111
adversary bots,posterior,adversary bots,200,0.9926666666666667,0.9972444444444444,0.4324666666666669
adversary bots,posterior,adversary bots,250,0.9953333333333333,0.9981777777777777,0.2797777777777779
adversary bots,posterior,adversary bots,300,0.9926666666666667,0.9972888888888889,0.4344666666666667
adversary bots,posterior,adversary humans,0,0.28444444444444444,0.3589333333333334,35.3453333333333
adversary bots,posterior,adversary humans,50,0.3584444444444444,0.016666666666666666,31.73157777777778
adversary bots,posterior,adversary humans,100,0.3824444444444445,0.013422222222222223,32.90404444444443
adversary bots,posterior,adversary humans,105,0.49044444444444446,0.030222222222222223,26.803822222222227
adversary bots,posterior,adversary humans,110,0.5073333333333333,0.037866666666666667,24.54186666666666
adversary bots,posterior,adversary humans,125,0.5377777777777778,0.10168888888888888,24.3954888888889
adversary bots,posterior,adversary humans,150,0.46088888888888885,0.012133333333333335,27.44477777777777
adversary bots,posterior,adversary humans,200,0.49133333333333334,0.053066666666666665,24.4901777777778
adversary bots,posterior,adversary humans,250,0.4842222222222222,0.037733333333333334,26.265600000000013
adversary bots,posterior,adversary humans,300,0.46088888888888885,0.054844444444444446,26.75566666666668
adversary bots,posterior,control humans,0,0.286,0.34542222222222224,35.70606666666662
adversary bots,posterior,control humans,50,1.0,0.013377777777777777,0.0
adversary bots,posterior,control humans,100,0.9760000000000001,0.0108,1.0081333333333338
adversary bots,posterior,control humans,105,0.9911111111111112,0.03377777777777778,0.34039999999999954
adversary bots,posterior,control humans,110,1.0,0.031155555555555558,0.0
adversary bots,posterior,control humans,125,1.0,0.09706666666666668,0.0
adversary bots,posterior,control humans,150,1.0,0.010266666666666667,0.0
adversary bots,posterior,control humans,200,1.0,0.04382222222222222,0.0
adversary bots,posterior,control humans,250,1.0,0.03244444444444444,0.0
adversary bots,posterior,control humans,300,1.0,0.05355555555555556,0.0
adversary bots,posterior,seen,0,0.29688888888888887,0.3371111111111111,35.07328888888885
adversary bots,posterior,seen,50,0.9622222222222222,0.010666666666666666,1.9654000000000003
adversary bots,posterior,seen,100,0.9686666666666668,0.011644444444444445,1.4254888888888881
adversary bots,posterior,seen,105,0.996,0.030311111111111115,0.21133333333333332
adversary bots,posterior,seen,110,0.9977777777777778,0.03471111111111111,0.08140000000000003
adversary bots,posterior,seen,125,0.9993333333333333,0.09795555555555556,0.06466666666666666
adversary bots,posterior,seen,150,0.9991111111111112,0.008311111111111111,0.041977777777777774
adversary bots,posterior,seen,200,0.9988888888888889,0.04373333333333333,0.04542222222222221
adversary bots,posterior,seen,250,0.9964444444444445,0.0296,0.12404444444444446
adversary bots,posterior,seen,300,0.9962222222222222,0.04137777777777778,0.23100000000000007
adversary bots,posterior (floored),adversary both,0,0.28044444444444444,0.33240000000000003,35.00264444444442
adversary bots,posterior (floored),adversary both,50,0.2797777777777778,0.6038222222222223,39.069177777777746
adversary bots,posterior (floored),adversary both,100,0.34955555555555556,0.9194222222222223,34.68017777777778
adversary bots,posterior (floored),adversary both,105,0.48511111111111105,0.9900444444444444,27.830266666666674
adversary bots,posterior (floored),adversary both,110,0.5933333333333333,0.9998666666666667,21.038711111111116
adversary bots,posterior (floored),adversary both,125,0.5635555555555556,0.9998222222222222,24.358644444444444
adversary bots,posterior (floored),adversary both,150,0.48844444444444446,0.998488888888889,26.669288888888882
adversary bots,posterior (floored),adversary both,200,0.532,0.9990222222222223,23.68255555555556
adversary bots,posterior (floored),adversary both,250,0.5242222222222223,0.9989333333333333,24.016355555555542
adversary bots,posterior (floored),adversary both,300,0.5166666666666667,0.9990222222222223,24.73222222222221
adversary bots,posterior (floored),adversary bots,0,0.29044444444444445,0.3268888888888889,34.91971111111108
adversary bots,posterior (floored),adversary bots,50,0.8537777777777779,0.5813777777777778,7.285977777777784
adversary bots,posterior (floored),adversary bots,100,0.9595555555555555,0.9010666666666667,1.975511111111111
adversary bots,posterior (floored),adversary bots,105,0.9866666666666666,0.9897333333333332,0.5399333333333334
adversary bots,posterior (floored),adversary bots,110,0.9939999999999999,0.9998666666666667,0.32002222222222176
adversary bots,posterior (floored),adversary bots,125,0.9964444444444445,0.9996888888888888,0.15053333333333332
adversary bots,posterior (floored),adversary bots,150,0.9966666666666667,0.9982666666666666,0.15304444444444443
adversary bots,posterior (floored),adversary bots,200,0.9966666666666667,0.9989333333333333,0.2719777777777779
adversary bots,posterior (floored),adversary bots,250,0.9953333333333333,0.9985777777777778,0.2900222222222223
adversary bots,posterior (floored),adversary bots,300,0.9937777777777778,0.9992,0.2690888888888889
adversary bots,posterior (floored),adversary humans,0,0.28444444444444444,0.3589333333333334,35.3453333333333
adversary bots,posterior (floored),adversary humans,50,0.30933333333333335,0.02071111111111111,36.78417777777775
adversary bots,posterior (floored),adversary humans,100,0.4117777777777778,0.016444444444444446,31.64222222222222
adversary bots,posterior (floored),adversary humans,105,0.5137777777777778,0.01888888888888889,25.866199999999996
adversary bots,posterior (floored),adversary humans,110,0.638,0.07004444444444445,19.07066666666666
adversary bots,posterior (floored),adversary humans,125,0.6082222222222222,0.054977777777777785,21.27628888888888
adversary bots,posterior (floored),adversary humans,150,0.5431111111111111,0.01448888888888889,23.990177777777777
adversary bots,posterior (floored),adversary humans,200,0.6008888888888889,0.11075555555555555,19.08415555555555
adversary bots,posterior (floored),adversary humans,250,0.5731111111111111,0.11324444444444445,20.753866666666653
adversary bots,posterior (floored),adversary humans,300,0.5608888888888889,0.06942222222222222,21.984222222222215
adversary bots,posterior (floored),control humans,0,0.286,0.34542222222222224,35.70606666666662
adversary bots,posterior (floored),control humans,50,0.8966666666666667,0.018222222222222223,4.950800000000005
adversary bots,posterior (floored),control humans,100,0.978,0.007866666666666668,1.0602222222222222
adversary bots,posterior (floored),control humans,105,0.9982222222222222,0.015333333333333334,0.10359999999999998
adversary bots,posterior (floored),control humans,110,0.9817777777777777,0.0668,0.7293111111111106
adversary bots,posterior (floored),control humans,125,0.9986666666666666,0.04742222222222222,0.06966666666666667
adversary bots,posterior (floored),control humans,150,1.0,0.010177777777777779,0.0
adversary bots,posterior (floored),control humans,200,1.0,0.10173333333333334,0.0
adversary bots,posterior (floored),control humans,250,1.0,0.09671111111111112,0.0
adversary bots,posterior (floored),control humans,300,1.0,0.06724444444444445,0.0
adversary bots,posterior (floored),seen,0,0.29688888888888887,0.3371111111111111,35.07328888888885
adversary bots,posterior (floored),seen,50,0.8826666666666666,0.016622222222222222,5.704444444444451
adversary bots,posterior (floored),seen,100,0.9662222222222222,0.007822222222222223,1.6323333333333332
adversary bots,posterior (floored),seen,105,0.9875555555555555,0.01902222222222222,0.5281777777777779
adversary bots,posterior (floored),seen,110,0.9822222222222223,0.06497777777777777,0.8024888888888894
adversary bots,posterior (floored),seen,125,0.9984444444444445,0.04751111111111111,0.05
adversary bots,posterior (floored),seen,150,1.0,0.011955555555555556,0.0
adversary bots,posterior (floored),seen,200,0.9991111111111112,0.10053333333333334,0.040799999999999996
adversary bots,posterior (floored),seen,250,1.0,0.09573333333333332,0.0
adversary bots,posterior (floored),seen,300,0.9966666666666667,0.05928888888888889,0.14524444444444443
adversary bots,posterior+labels,adversary both,0,0.28044444444444444,0.33240000000000003,35.00264444444442
adversary bots,posterior+labels,adversary both,50,0.39844444444444443,0.9933333333333334,30.842311111111126
adversary bots,posterior+labels,adversary both,100,0.35244444444444445,0.990488888888889,33.04917777777778
adversary bots,posterior+labels,adversary both,105,0.48466666666666663,0.9983111111111111,26.36431111111111
adversary bots,posterior+labels,adversary both,110,0.45644444444444443,0.9969333333333333,27.631977777777784
adversary bots,posterior+labels,adversary both,125,0.45377777777777784,0.9980444444444444,28.811999999999998
adversary bots,posterior+labels,adversary both,150,0.4711111111111111,1.0,26.52751111111114
adversary bots,posterior+labels,adversary both,200,0.45355555555555555,0.9982222222222222,26.75546666666667
adversary bots,posterior+labels,adversary both,250,0.47400000000000003,1.0,25.794688888888892
adversary bots,posterior+labels,adversary both,300,0.4751111111111111,0.9995555555555555,26.291288888888893
adversary bots,posterior+labels,adversary bots,0,0.29044444444444445,0.3268888888888889,34.91971111111108
adversary bots,posterior+labels,adversary bots,50,0.9897777777777778,0.9921333333333333,0.6450222222222222
adversary bots,posterior+labels,adversary bots,100,0.9593333333333334,0.9891555555555556,1.8895999999999995
adversary bots,posterior+labels,adversary bots,105,0.9977777777777778,0.9972000000000001,0.1829111111111111
adversary bots,posterior+labels,adversary bots,110,0.9908888888888889,0.9962222222222222,0.4904444444444445
adversary bots,posterior+labels,adversary bots,125,0.9893333333333334,0.9978666666666666,0.4562444444444444
adversary bots,posterior+labels,adversary bots,150,0.9982222222222222,1.0,0.10993333333333331
adversary bots,posterior+labels,adversary bots,200,0.9946666666666666,0.9983111111111111,0.2293333333333334
adversary bots,posterior+labels,adversary bots,250,0.9975555555555555,0.9998666666666667,0.13566666666666663
adversary bots,posterior+labels,adversary bots,300,0.9991111111111112,0.9995999999999999,0.04379999999999999
adversary bots,posterior+labels,adversary humans,0,0.28444444444444444,0.3589333333333334,35.3453333333333
adversary bots,posterior+labels,adversary humans,50,0.4391111111111111,0.024622222222222226,28.14562222222223
adversary bots,posterior+labels,adversary humans,100,0.37399999999999994,0.0024444444444444444,33.05208888888888
adversary bots,posterior+labels,adversary humans,105,0.5044444444444445,0.059866666666666665,24.842955555555555
adversary bots,posterior+labels,adversary humans,110,0.49577777777777776,0.02857777777777778,25.610799999999998
adversary bots,posterior+labels,adversary humans,125,0.49311111111111117,0.015733333333333335,25.84971111111112
adversary bots,posterior+labels,adversary humans,150,0.5122222222222222,0.029155555555555556,24.31731111111113
adversary bots,posterior+labels,adversary humans,200,0.48688888888888887,0.027422222222222223,24.930666666666664
adversary bots,posterior+labels,adversary humans,250,0.5093333333333334,0.03648888888888889,23.919444444444444
adversary bots,posterior+labels,adversary humans,300,0.5117777777777778,0.07413333333333333,23.984622222222217
adversary bots,posterior+labels,control humans,0,0.286,0.34542222222222224,35.70606666666662
adversary bots,posterior+labels,control humans,50,1.0,0.020533333333333334,0.0
adversary bots,posterior+labels,control humans,100,0.9751111111111112,0.010222222222222223,1.0656000000000008
adversary bots,posterior+labels,control humans,105,0.9991111111111112,0.06484444444444445,0.03371111111111112
adversary bots,posterior+labels,control humans,110,1.0,0.02537777777777778,0.0
adversary bots,posterior+labels,control humans,125,0.9911111111111112,0.008133333333333333,0.3913333333333333
adversary bots,posterior+labels,control humans,150,1.0,0.024933333333333335,0.0
adversary bots,posterior+labels,control humans,200,1.0,0.024311111111111113,0.0
adversary bots,posterior+labels,control humans,250,1.0,0.03822222222222222,0.0
adversary bots,posterior+labels,control humans,300,1.0,0.06777777777777778,0.0
adversary bots,posterior+labels,seen,0,0.29688888888888887,0.3371111111111111,35.07328888888885
adversary bots,posterior+labels,seen,50,0.9948888888888889,0.0188,0.21506666666666652
adversary bots,posterior+labels,seen,100,0.9588888888888889,0.005955555555555556,1.710177777777778
adversary bots,posterior+labels,seen,105,0.9993333333333333,0.06106666666666667,0.03973333333333333
adversary bots,posterior+labels,seen,110,1.0,0.02631111111111111,0.003
adversary bots,posterior+labels,seen,125,0.9906666666666666,0.006711111111111111,0.4164444444444444
adversary bots,posterior+labels,seen,150,1.0,0.02497777777777778,0.0
adversary bots,posterior+labels,seen,200,0.9991111111111112,0.015244444444444446,0.06428888888888888
adversary bots,posterior+labels,seen,250,1.0,0.03404444444444445,0.003
adversary bots,posterior+labels,seen,300,1.0,0.057688888888888894,0.0
adversary bots,posterior+labels (floored),adversary both,0,0.28044444444444444,0.33240000000000003,35.00264444444442
adversary bots,posterior+labels (floored),adversary both,50,0.4742222222222222,0.9890222222222222,28.775111111111123
adversary bots,posterior+labels (floored),adversary both,100,0.37977777777777777,0.9838222222222222,32.98882222222225
adversary bots,posterior+labels (floored),adversary both,105,0.5146666666666667,0.9994222222222221,25.457600000000006
adversary bots,posterior+labels (floored),adversary both,110,0.5186666666666666,0.9992,25.145866666666652
adversary bots,posterior+labels (floored),adversary both,125,0.4926666666666667,0.9994666666666666,26.795133333333336
adversary bots,posterior+labels (floored),adversary both,150,0.5391111111111111,0.9993777777777778,23.531444444444453
adversary bots,posterior+labels (floored),adversary both,200,0.4668888888888889,0.9995111111111111,26.760000000000005
adversary bots,posterior+labels (floored),adversary both,250,0.5217777777777778,0.9994222222222221,24.435599999999997
adversary bots,posterior+labels (floored),adversary both,300,0.542,1.0,23.23306666666667
adversary bots,posterior+labels (floored),adversary bots,0,0.29044444444444445,0.3268888888888889,34.91971111111108
adversary bots,posterior+labels (floored),adversary bots,50,0.9831111111111112,0.9889333333333334,0.8087111111111112
adversary bots,posterior+labels (floored),adversary bots,100,0.8813333333333334,0.9797333333333333,6.020200000000037
adversary bots,posterior+labels (floored),adversary bots,105,0.9971111111111111,0.9993333333333333,0.11882222222222222
adversary bots,posterior+labels (floored),adversary bots,110,0.9782222222222223,0.9989333333333333,0.9890000000000039
adversary bots,posterior+labels (floored),adversary bots,125,0.9971111111111111,0.9989333333333333,0.17826666666666668
adversary bots,posterior+labels (floored),adversary bots,150,1.0,0.9997333333333334,0.0
adversary bots,posterior+labels (floored),adversary bots,200,0.9886666666666667,0.9993333333333333,0.49315555555555557
adversary bots,posterior+labels (floored),adversary bots,250,0.9977777777777778,0.9992444444444445,0.1723111111111112
adversary bots,posterior+labels (floored),adversary bots,300,1.0,1.0,0.0
adversary bots,posterior+labels (floored),adversary humans,0,0.28444444444444444,0.3589333333333334,35.3453333333333
adversary bots,posterior+labels (floored),adversary humans,50,0.5317777777777778,0.026177777777777782,25.30406666666668
adversary bots,posterior+labels (floored),adversary humans,100,0.4335555555555556,0.014755555555555556,29.608288888888925
adversary bots,posterior+labels (floored),adversary humans,105,0.548,0.02008888888888889,23.195
adversary bots,posterior+labels (floored),adversary humans,110,0.5504444444444444,0.03244444444444444,22.991333333333287
adversary bots,posterior+labels (floored),adversary humans,125,0.534,0.018444444444444444,24.274266666666662
adversary bots,posterior+labels (floored),adversary humans,150,0.5784444444444444,0.05884444444444445,21.27002222222223
adversary bots,posterior+labels (floored),adversary humans,200,0.5011111111111112,0.02711111111111111,24.523111111111117
adversary bots,posterior+labels (floored),adversary humans,250,0.5797777777777777,0.030311111111111115,21.024577777777772
adversary bots,posterior+labels (floored),adversary humans,300,0.5875555555555556,0.03351111111111111,21.263288888888894
adversary bots,posterior+labels (floored),control humans,0,0.286,0.34542222222222224,35.70606666666662
adversary bots,posterior+labels (floored),control humans,50,1.0,0.023155555555555558,0.0
adversary bots,posterior+labels (floored),control humans,100,0.8493333333333333,0.009022222222222223,6.958111111111162
adversary bots,posterior+labels (floored),control humans,105,1.0,0.01857777777777778,0.0
adversary bots,posterior+labels (floored),control humans,110,0.9520000000000001,0.028933333333333335,1.9743333333333415
adversary bots,posterior+labels (floored),control humans,125,1.0,0.01746666666666667,0.0
adversary bots,posterior+labels (floored),control humans,150,1.0,0.04964444444444444,0.0
adversary bots,posterior+labels (floored),control humans,200,1.0,0.025911111111111114,0.0
adversary bots,posterior+labels (floored),control humans,250,1.0,0.022977777777777778,0.0
adversary bots,posterior+labels (floored),control humans,300,1.0,0.03337777777777778,0.0
adversary bots,posterior+labels (floored),seen,0,0.29688888888888887,0.3371111111111111,35.07328888888885
adversary bots,posterior+labels (floored),seen,50,0.9924444444444444,0.026177777777777776,0.3369555555555556
adversary bots,posterior+labels (floored),seen,100,0.8491111111111111,0.01257777777777778,7.694822222222277
adversary bots,posterior+labels (floored),seen,105,1.0,0.016533333333333334,0.005888888888888889
adversary bots,posterior+labels (floored),seen,110,0.9457777777777778,0.030888888888888893,2.6094444444444607
adversary bots,posterior+labels (floored),seen,125,1.0,0.015688888888888888,0.003
adversary bots,posterior+labels (floored),seen,150,1.0,0.04635555555555555,0.0
adversary bots,posterior+labels (floored),seen,200,0.9957777777777779,0.016933333333333335,0.2145555555555555
adversary bots,posterior+labels (floored),seen,250,1.0,0.02986666666666667,0.0
adversary bots,posterior+labels (floored),seen,300,1.0,0.03231111111111111,0.0
adversary bots,proxy,adversary both,0,0.28044444444444444,0.33240000000000003,35.00264444444442
adversary bots,proxy,adversary both,50,1.0,1.0,0.0
adversary bots,proxy,adversary both,100,1.0,1.0,0.0
adversary bots,proxy,adversary both,105,1.0,1.0,0.0
adversary bots,proxy,adversary both,110,1.0,1.0,0.0
adversary bots,proxy,adversary both,125,1.0,1.0,0.0
adversary bots,proxy,adversary both,150,1.0,1.0,0.0
adversary bots,proxy,adversary both,200,1.0,1.0,0.0
adversary bots,proxy,adversary both,250,1.0,1.0,0.0
adversary bots,proxy,adversary both,300,1.0,1.0,0.0
adversary bots,proxy,adversary bots,0,0.29044444444444445,0.3268888888888889,34.91971111111108
adversary bots,proxy,adversary bots,50,1.0,1.0,0.0
adversary bots,proxy,adversary bots,100,1.0,1.0,0.0
adversary bots,proxy,adversary bots,105,1.0,1.0,0.0
adversary bots,proxy,adversary bots,110,1.0,1.0,0.0
adversary bots,proxy,adversary bots,125,1.0,1.0,0.0
adversary bots,proxy,adversary bots,150,1.0,1.0,0.0
adversary bots,proxy,adversary bots,200,1.0,1.0,0.0
adversary bots,proxy,adversary bots,250,1.0,1.0,0.0
adversary bots,proxy,adversary bots,300,1.0,1.0,0.0
adversary bots,proxy,adversary humans,0,0.28444444444444444,0.3589333333333334,35.3453333333333
adversary bots,proxy,adversary humans,50,1.0,1.0,0.0
adversary bots,proxy,adversary humans,100,1.0,1.0,0.0
adversary bots,proxy,adversary humans,105,1.0,1.0,0.0
adversary bots,proxy,adversary humans,110,1.0,1.0,0.0
adversary bots,proxy,adversary humans,125,1.0,1.0,0.0
adversary bots,proxy,adversary humans,150,1.0,1.0,0.0
adversary bots,proxy,adversary humans,200,1.0,1.0,0.0
adversary bots,proxy,adversary humans,250,1.0,1.0,0.0
adversary bots,proxy,adversary humans,300,1.0,1.0,0.0
adversary bots,proxy,control humans,0,0.286,0.34542222222222224,35.70606666666662
adversary bots,proxy,control humans,50,1.0,1.0,0.0
adversary bots,proxy,control humans,100,1.0,1.0,0.0
adversary bots,proxy,control humans,105,1.0,1.0,0.0
adversary bots,proxy,control humans,110,1.0,1.0,0.0
adversary bots,proxy,control humans,125,1.0,1.0,0.0
adversary bots,proxy,control humans,150,1.0,1.0,0.0
adversary bots,proxy,control humans,200,1.0,1.0,0.0
adversary bots,proxy,control humans,250,1.0,1.0,0.0
adversary bots,proxy,control humans,300,1.0,1.0,0.0
adversary bots,proxy,seen,0,0.29688888888888887,0.3371111111111111,35.07328888888885
adversary bots,proxy,seen,50,1.0,1.0,0.0
adversary bots,proxy,seen,100,1.0,1.0,0.0
adversary bots,proxy,seen,105,1.0,1.0,0.0
adversary bots,proxy,seen,110,1.0,1.0,0.0
adversary bots,proxy,seen,125,1.0,1.0,0.0
adversary bots,proxy,seen,150,1.0,1.0,0.0
adversary bots,proxy,seen,200,1.0,1.0,0.0
adversary bots,proxy,seen,250,1.0,1.0,0.0
adversary bots,proxy,seen,300,1.0,1.0,0.0
adversary bots,score-only,adversary both,0,0.28044444444444444,0.33240000000000003,35.00264444444442
adversary bots,score-only,adversary both,50,0.2591111111111111,0.8752,39.56075555555555
adversary bots,score-only,adversary both,100,0.23177777777777778,0.5906666666666667,38.41786666666667
adversary bots,score-only,adversary both,105,0.19422222222222224,0.45848888888888895,37.782066666666715
adversary bots,score-only,adversary both,110,0.19444444444444445,0.3354666666666667,37.23815555555559
adversary bots,score-only,adversary both,125,0.194,0.3324444444444445,37.651488888888906
adversary bots,score-only,adversary both,150,0.19777777777777777,0.3821777777777778,38.38284444444447
adversary bots,score-only,adversary both,200,0.21244444444444446,0.42662222222222224,38.26268888888894
adversary bots,score-only,adversary both,250,0.23555555555555555,0.4140444444444445,37.871688888888954
adversary bots,score-only,adversary both,300,0.22466666666666665,0.35475555555555555,36.39293333333338
adversary bots,score-only,adversary bots,0,0.29044444444444445,0.3268888888888889,34.91971111111108
adversary bots,score-only,adversary bots,50,0.9248888888888889,0.8842222222222222,3.751866666666667
adversary bots,score-only,adversary bots,100,0.9204444444444445,0.626,3.557844444444444
adversary bots,score-only,adversary bots,105,0.9266666666666667,0.45480000000000004,3.9939333333333327
adversary bots,score-only,adversary bots,110,0.9135555555555556,0.32755555555555554,3.9023777777777786
adversary bots,score-only,adversary bots,125,0.9177777777777777,0.3403111111111111,4.073222222222223
adversary bots,score-only,adversary bots,150,0.9173333333333333,0.38164444444444445,3.9698666666666655
adversary bots,score-only,adversary bots,200,0.9346666666666668,0.40893333333333337,3.1754000000000002
adversary bots,score-only,adversary bots,250,0.922,0.40773333333333334,3.7544666666666653
adversary bots,score-only,adversary bots,300,0.9146666666666666,0.3601333333333333,3.958488888888888
adversary bots,score-only,adversary humans,0,0.28444444444444444,0.3589333333333334,35.3453333333333
adversary bots,score-only,adversary humans,50,0.24911111111111112,0.007155555555555556,39.501822222222216
adversary bots,score-only,adversary humans,100,0.21488888888888888,0.008933333333333333,39.14653333333334
adversary bots,score-only,adversary humans,105,0.1937777777777778,0.03986666666666667,38.18162222222226
adversary bots,score-only,adversary humans,110,0.19222222222222224,0.026088888888888887,38.493755555555595
adversary bots,score-only,adversary humans,125,0.19155555555555553,0.03275555555555555,38.41722222222224
adversary bots,score-only,adversary humans,150,0.19822222222222222,0.05564444444444445,38.60748888888892
adversary bots,score-only,adversary humans,200,0.2046666666666667,0.05328888888888889,38.371066666666714
adversary bots,score-only,adversary humans,250,0.22688888888888892,0.07844444444444446,37.261844444444506
adversary bots,score-only,adversary humans,300,0.2137777777777778,0.08004444444444445,36.627400000000065
adversary bots,score-only,control humans,0,0.286,0.34542222222222224,35.70606666666662
adversary bots,score-only,control humans,50,0.9944444444444445,0.0056,0.14322222222222222
adversary bots,score-only,control humans,100,0.9406666666666667,0.009777777777777778,2.6255333333333333
adversary bots,score-only,control humans,105,0.8986666666666666,0.04311111111111111,4.9084666666666665
adversary bots,score-only,control humans,110,0.8915555555555555,0.0284,5.319711111111111
adversary bots,score-only,control humans,125,0.8826666666666666,0.02968888888888889,5.576755555555555
adversary bots,score-only,control humans,150,0.8893333333333334,0.051111111111111114,5.399355555555554
adversary bots,score-only,control humans,200,0.9193333333333332,0.05293333333333334,3.5886222222222215
adversary bots,score-only,control humans,250,0.914,0.07502222222222223,3.959933333333332
adversary bots,score-only,control humans,300,0.8926666666666667,0.07964444444444445,4.963488888888889
adversary bots,score-only,seen,0,0.29688888888888887,0.3371111111111111,35.07328888888885
adversary bots,score-only,seen,50,0.9177777777777779,0.0061333333333333335,4.181133333333333
adversary bots,score-only,seen,100,0.9206666666666666,0.010844444444444445,3.7305555555555556
adversary bots,score-only,seen,105,0.9215555555555556,0.036000000000000004,3.3058888888888887
adversary bots,score-only,seen,110,0.914888888888889,0.02351111111111111,3.8084444444444445
adversary bots,score-only,seen,125,0.9175555555555556,0.0296,3.760444444444445
adversary bots,score-only,seen,150,0.918,0.043555555555555556,3.776888888888888
adversary bots,score-only,seen,200,0.9359999999999999,0.042444444444444444,2.982377777777778
adversary bots,score-only,seen,250,0.9206666666666666,0.07253333333333334,3.4722444444444425
adversary bots,score-only,seen,300,0.9128888888888889,0.06866666666666667,3.8873777777777767
adversary humans,oracle,adversary both,0,0.28044444444444444,0.33240000000000003,35.00264444444442
adversary humans,oracle,adversary both,50,0.3602222222222222,0.9862666666666666,40.86486666666664
adversary humans,oracle,adversary both,100,0.35755555555555557,0.9953333333333333,40.361088888888894
adversary humans,oracle,adversary both,105,0.3844444444444445,0.9965333333333334,37.9970888888889
adversary humans,oracle,adversary both,110,0.40044444444444444,0.9972888888888889,37.017266666666664
adversary humans,oracle,adversary both,125,0.43533333333333335,0.9974222222222222,34.03184444444444
adversary humans,oracle,adversary both,150,0.43844444444444447,0.9953333333333333,33.31686666666667
adversary humans,oracle,adversary both,200,0.4455555555555556,1.0,33.56368888888889
adversary humans,oracle,adversary both,250,0.48666666666666664,0.9990666666666667,30.65182222222222
adversary humans,oracle,adversary both,300,0.45,0.9972888888888889,32.72537777777778
adversary humans,oracle,adversary bots,0,0.29044444444444445,0.3268888888888889,34.91971111111108
adversary humans,oracle,adversary bots,50,0.9979999999999999,0.9835111111111112,0.06804444444444444
adversary humans,oracle,adversary bots,100,0.9755555555555555,0.9947999999999999,1.1583555555555556
adversary humans,oracle,adversary bots,105,0.9942222222222222,0.9964888888888889,0.16539999999999996
adversary humans,oracle,adversary bots,110,0.9837777777777779,0.9954666666666666,0.8502444444444445
adversary humans,oracle,adversary bots,125,0.9888888888888889,0.9968,0.5595333333333333
adversary humans,oracle,adversary bots,150,0.9882222222222222,0.9936,0.5443333333333334
adversary humans,oracle,adversary bots,200,0.9726666666666668,1.0,1.3877111111111127
adversary humans,oracle,adversary bots,250,0.9915555555555555,0.9991555555555556,0.5403555555555556
adversary humans,oracle,adversary bots,300,0.9924444444444444,0.9969333333333333,0.45724444444444445
adversary humans,oracle,adversary humans,0,0.28444444444444444,0.3589333333333334,35.3453333333333
adversary humans,oracle,adversary humans,50,0.3928888888888889,0.0036,37.32299999999997
adversary humans,oracle,adversary humans,100,0.3828888888888889,0.0,37.24953333333334
adversary humans,oracle,adversary humans,105,0.4124444444444444,0.0009333333333333334,35.01684444444445
adversary humans,oracle,adversary humans,110,0.43066666666666664,0.0067555555555555554,34.492000000000004
adversary humans,oracle,adversary humans,125,0.4762222222222222,0.009333333333333334,30.321999999999996
adversary humans,oracle,adversary humans,150,0.4666666666666667,0.012222222222222223,30.004155555555563
adversary humans,oracle,adversary humans,200,0.4691111111111111,0.008,30.487044444444454
adversary humans,oracle,adversary humans,250,0.5375555555555556,0.019688888888888888,25.90357777777777
adversary humans,oracle,adversary humans,300,0.4915555555555556,0.006933333333333333,29.5886222222222
adversary humans,oracle,control humans,0,0.286,0.34542222222222224,35.70606666666662
adversary humans,oracle,control humans,50,0.9962222222222222,0.002,0.1786666666666667
adversary humans,oracle,control humans,100,0.9411111111111111,0.0,2.762755555555554
adversary humans,oracle,control humans,105,0.9826666666666667,0.0017777777777777779,0.8345555555555553
adversary humans,oracle,control humans,110,0.9366666666666666,0.005022222222222222,2.8936666666666655
adversary humans,oracle,control humans,125,0.9633333333333334,0.009111111111111111,1.3799333333333323
adversary humans,oracle,control humans,150,0.9804444444444443,0.012222222222222223,0.8293999999999997
adversary humans,oracle,control humans,200,0.9648888888888889,0.006977777777777778,1.4685333333333352
adversary humans,oracle,control humans,250,0.9951111111111112,0.01951111111111111,0.19088888888888889
adversary humans,oracle,control humans,300,0.9922222222222222,0.005866666666666667,0.29475555555555544
adversary humans,oracle,seen,0,0.29688888888888887,0.3371111111111111,35.07328888888885
adversary humans,oracle,seen,50,0.9986666666666666,0.002,0.049
adversary humans,oracle,seen,100,0.9664444444444444,0.0,1.7819555555555555
adversary humans,oracle,seen,105,0.9946666666666666,0.0006222222222222223,0.24488888888888888
adversary humans,oracle,seen,110,0.9733333333333333,0.004044444444444444,1.4428
adversary humans,oracle,seen,125,0.9877777777777779,0.006,0.7866888888888888
adversary humans,oracle,seen,150,0.986,0.01248888888888889,0.7687333333333334
adversary humans,oracle,seen,200,0.9735555555555556,0.0074666666666666675,1.333266666666667
adversary humans,oracle,seen,250,0.992,0.0212,0.3976222222222222
adversary humans,oracle,seen,300,0.9964444444444445,0.006577777777777779,0.2081777777777778
adversary humans,posterior,adversary both,0,0.28044444444444444,0.33240000000000003,35.00264444444442
adversary humans,posterior,adversary both,50,0.3157777777777778,0.9442222222222223,34.21315555555556
adversary humans,posterior,adversary both,100,0.3491111111111111,0.9167111111111111,33.62213333333333
adversary humans,posterior,adversary both,105,0.26222222222222225,0.8577777777777779,39.810933333333345
adversary humans,posterior,adversary both,110,0.26844444444444443,0.8725333333333334,38.95122222222219
adversary humans,posterior,adversary both,125,0.28111111111111114,0.8908888888888888,36.5962
adversary humans,posterior,adversary both,150,0.25022222222222223,0.8618222222222222,40.37773333333335
adversary humans,posterior,adversary both,200,0.23844444444444446,0.8167555555555555,41.813
adversary humans,posterior,adversary both,250,0.23822222222222222,0.8069333333333333,41.68451111111112
adversary humans,posterior,adversary both,300,0.23244444444444445,0.8134222222222222,40.518755555555565
adversary humans,posterior,adversary bots,0,0.29044444444444445,0.3268888888888889,34.91971111111108
adversary humans,posterior,adversary bots,50,0.9555555555555556,0.9265777777777777,2.4003777777777775
adversary humans,posterior,adversary bots,100,0.9542222222222222,0.9168000000000001,2.225155555555555
adversary humans,posterior,adversary bots,105,0.9151111111111111,0.8539555555555555,4.297466666666667
adversary humans,posterior,adversary bots,110,0.9293333333333333,0.8695111111111111,3.621977777777777
adversary humans,posterior,adversary bots,125,0.9417777777777778,0.8902666666666667,2.969066666666666
adversary humans,posterior,adversary bots,150,0.93,0.8623555555555555,3.928933333333333
adversary humans,posterior,adversary bots,200,0.9122222222222222,0.7866666666666666,4.8346
adversary humans,posterior,adversary bots,250,0.9071111111111111,0.7999111111111111,5.126155555555555
adversary humans,posterior,adversary bots,300,0.9197777777777778,0.8017777777777777,4.162177777777778
adversary humans,posterior,adversary humans,0,0.28444444444444444,0.3589333333333334,35.3453333333333
adversary humans,posterior,adversary humans,50,0.3584444444444444,0.016666666666666666,31.73157777777778
adversary humans,posterior,adversary humans,100,0.3824444444444445,0.013422222222222223,32.90404444444443
adversary humans,posterior,adversary humans,105,0.2733333333333334,0.0013333333333333333,39.58271111111112
adversary humans,posterior,adversary humans,110,0.2833333333333333,0.004577777777777778,37.61046666666664
adversary humans,posterior,adversary humans,125,0.302,0.004844444444444445,35.634044444444434
adversary humans,posterior,adversary humans,150,0.268,0.003333333333333333,39.85744444444446
adversary humans,posterior,adversary humans,200,0.26555555555555554,0.008533333333333334,41.48788888888889
adversary humans,posterior,adversary humans,250,0.27911111111111114,0.0016444444444444445,39.140733333333344
adversary humans,posterior,adversary humans,300,0.25422222222222224,0.002977777777777778,39.592377777777784
adversary humans,posterior,control humans,0,0.286,0.34542222222222224,35.70606666666662
adversary humans,posterior,control humans,50,1.0,0.013377777777777777,0.0
adversary humans,posterior,control humans,100,0.9760000000000001,0.0108,1.0081333333333338
adversary humans,posterior,control humans,105,0.9642222222222222,0.0015999999999999999,1.464444444444444
adversary humans,posterior,control humans,110,0.9984444444444445,0.004755555555555555,0.049355555555555555
adversary humans,posterior,control humans,125,0.9995555555555555,0.0067555555555555554,0.0051111111111111105
adversary humans,posterior,control humans,150,0.9953333333333333,0.0035555555555555557,0.17728888888888888
adversary humans,posterior,control humans,200,0.9833333333333333,0.008133333333333333,0.695111111111111
adversary humans,posterior,control humans,250,0.9828888888888888,0.0025333333333333336,0.6504666666666666
adversary humans,posterior,control humans,300,0.996,0.0056,0.1537333333333333
adversary humans,posterior,seen,0,0.29688888888888887,0.3371111111111111,35.07328888888885
adversary humans,posterior,seen,50,0.9622222222222222,0.010666666666666666,1.9654000000000003
adversary humans,posterior,seen,100,0.9686666666666668,0.011644444444444445,1.4254888888888881
adversary humans,posterior,seen,105,0.9222222222222223,0.0008444444444444444,3.633022222222222
adversary humans,posterior,seen,110,0.9311111111111111,0.005333333333333333,3.4834666666666667
adversary humans,posterior,seen,125,0.9428888888888889,0.0056,2.6064666666666665
adversary humans,posterior,seen,150,0.9239999999999999,0.002177777777777778,3.6125555555555553
adversary humans,posterior,seen,200,0.9171111111111112,0.006044444444444445,4.283533333333334
adversary humans,posterior,seen,250,0.9195555555555556,0.0014666666666666667,4.203222222222222
adversary humans,posterior,seen,300,0.9235555555555556,0.005288888888888889,3.9347111111111115
adversary humans,posterior (floored),adversary both,0,0.28044444444444444,0.33240000000000003,35.00264444444442
adversary humans,posterior (floored),adversary both,50,0.2797777777777778,0.6038222222222223,39.069177777777746
adversary humans,posterior (floored),adversary both,100,0.34955555555555556,0.9194222222222223,34.68017777777778
adversary humans,posterior (floored),adversary both,105,0.22088888888888888,0.6231555555555556,41.723866666666666
adversary humans,posterior (floored),adversary both,110,0.256,0.6369777777777779,37.85331111111108
adversary humans,posterior (floored),adversary both,125,0.2628888888888889,0.5218222222222222,39.613688888888895
adversary humans,posterior (floored),adversary both,150,0.21955555555555556,0.6158222222222223,41.39913333333332
adversary humans,posterior (floored),adversary both,200,0.27022222222222225,0.7313333333333333,39.49975555555558
adversary humans,posterior (floored),adversary both,250,0.22711111111111112,0.6819555555555555,41.850800000000014
adversary humans,posterior (floored),adversary both,300,0.23355555555555554,0.6033777777777778,39.707755555555565
adversary humans,posterior (floored),adversary bots,0,0.29044444444444445,0.3268888888888889,34.91971111111108
adversary humans,posterior (floored),adversary bots,50,0.8537777777777779,0.5813777777777778,7.285977777777784
adversary humans,posterior (floored),adversary bots,100,0.9595555555555555,0.9010666666666667,1.975511111111111
adversary humans,posterior (floored),adversary bots,105,0.8928888888888888,0.5958666666666667,5.511666666666667
adversary humans,posterior (floored),adversary bots,110,0.8704444444444445,0.6063111111111111,6.467577777777783
adversary humans,posterior (floored),adversary bots,125,0.8193333333333332,0.5031555555555556,8.312377777777783
adversary humans,posterior (floored),adversary bots,150,0.9091111111111112,0.6029333333333333,4.5466
adversary humans,posterior (floored),adversary bots,200,0.9128888888888889,0.6964444444444444,4.332199999999999
adversary humans,posterior (floored),adversary bots,250,0.874,0.6204888888888889,6.198688888888891
adversary humans,posterior (floored),adversary bots,300,0.8971111111111111,0.5128,5.071822222222223
adversary humans,posterior (floored),adversary humans,0,0.28444444444444444,0.3589333333333334,35.3453333333333
adversary humans,posterior (floored),adversary humans,50,0.30933333333333335,0.02071111111111111,36.78417777777775
adversary humans,posterior (floored),adversary humans,100,0.4117777777777778,0.016444444444444446,31.64222222222222
adversary humans,posterior (floored),adversary humans,105,0.25533333333333336,0.0018666666666666669,40.98611111111109
adversary humans,posterior (floored),adversary humans,110,0.2826666666666667,0.0019555555555555554,37.78193333333329
adversary humans,posterior (floored),adversary humans,125,0.28622222222222227,0.0024,38.324777777777776
adversary humans,posterior (floored),adversary humans,150,0.23755555555555555,0.0007555555555555556,41.66059999999998
adversary humans,posterior (floored),adversary humans,200,0.33044444444444443,0.006977777777777778,37.01951111111112
adversary humans,posterior (floored),adversary humans,250,0.2717777777777778,0.002266666666666667,40.22644444444446
adversary humans,posterior (floored),adversary humans,300,0.2831111111111111,0.0018666666666666669,38.36393333333334
adversary humans,posterior (floored),control humans,0,0.286,0.34542222222222224,35.70606666666662
adversary humans,posterior (floored),control humans,50,0.8966666666666667,0.018222222222222223,4.950800000000005
adversary humans,posterior (floored),control humans,100,0.978,0.007866666666666668,1.0602222222222222
adversary humans,posterior (floored),control humans,105,0.9293333333333333,0.0020444444444444442,3.5266000000000006
adversary humans,posterior (floored),control humans,110,0.8899999999999999,0.002,5.29764444444445
adversary humans,posterior (floored),control humans,125,0.8788888888888888,0.0017777777777777779,5.421022222222212
adversary humans,posterior (floored),control humans,150,0.977111111111111,0.002,0.9646222222222223
adversary humans,posterior (floored),control humans,200,0.9804444444444443,0.0028444444444444446,0.8933555555555556
adversary humans,posterior (floored),control humans,250,0.9642222222222222,0.0021333333333333334,1.9554222222222213
adversary humans,posterior (floored),control humans,300,0.944,0.0013777777777777777,2.849422222222222
adversary humans,posterior (floored),seen,0,0.29688888888888887,0.3371111111111111,35.07328888888885
adversary humans,posterior (floored),seen,50,0.8826666666666666,0.016622222222222222,5.704444444444451
adversary humans,posterior (floored),seen,100,0.9662222222222222,0.007822222222222223,1.6323333333333332
adversary humans,posterior (floored),seen,105,0.902,0.0028444444444444446,5.0221333333333344
adversary humans,posterior (floored),seen,110,0.8680000000000001,0.0016444444444444445,6.317022222222229
adversary humans,posterior (floored),seen,125,0.8477777777777777,0.002088888888888889,7.133755555555545
adversary humans,posterior (floored),seen,150,0.9117777777777778,0.0011111111111111111,4.354799999999999
adversary humans,posterior (floored),seen,200,0.926,0.003955555555555555,3.6668444444444446
adversary humans,posterior (floored),seen,250,0.9144444444444444,0.0012444444444444445,4.751244444444442
adversary humans,posterior (floored),seen,300,0.9184444444444444,0.0010222222222222221,3.873111111111112
adversary humans,posterior+labels,adversary both,0,0.28044444444444444,0.33240000000000003,35.00264444444442
adversary humans,posterior+labels,adversary both,50,0.39844444444444443,0.9933333333333334,30.842311111111126
adversary humans,posterior+labels,adversary both,100,0.35244444444444445,0.990488888888889,33.04917777777778
adversary humans,posterior+labels,adversary both,105,0.316,0.9810222222222222,36.314977777777784
adversary humans,posterior+labels,adversary both,110,0.27,0.9537333333333333,38.54555555555556
adversary humans,posterior+labels,adversary both,125,0.2242222222222222,0.8512888888888889,41.125955555555535
adversary humans,posterior+labels,adversary both,150,0.2511111111111111,0.9261333333333334,40.51633333333333
adversary humans,posterior+labels,adversary both,200,0.2331111111111111,0.780711111111111,40.80408888888889
adversary humans,posterior+labels,adversary both,250,0.2388888888888889,0.8770222222222223,40.83331111111112
adversary humans,posterior+labels,adversary both,300,0.24222222222222223,0.8505333333333334,40.28151111111112
adversary humans,posterior+labels,adversary bots,0,0.29044444444444445,0.3268888888888889,34.91971111111108
adversary humans,posterior+labels,adversary bots,50,0.9897777777777778,0.9921333333333333,0.6450222222222222
adversary humans,posterior+labels,adversary bots,100,0.9593333333333334,0.9891555555555556,1.8895999999999995
adversary humans,posterior+labels,adversary bots,105,0.9600000000000001,0.9788,2.0506222222222226
adversary humans,posterior+labels,adversary bots,110,0.9293333333333333,0.9576,3.5713999999999997
adversary humans,posterior+labels,adversary bots,125,0.8951111111111112,0.8452888888888889,5.3043555555555635
adversary humans,posterior+labels,adversary bots,150,0.9235555555555556,0.919688888888889,4.057333333333333
adversary humans,posterior+labels,adversary bots,200,0.894888888888889,0.7668888888888888,5.039266666666666
adversary humans,posterior+labels,adversary bots,250,0.9215555555555556,0.8745777777777778,4.2565333333333335
adversary humans,posterior+labels,adversary bots,300,0.9199999999999999,0.8580888888888888,4.575111111111111
adversary humans,posterior+labels,adversary humans,0,0.28444444444444444,0.3589333333333334,35.3453333333333
adversary humans,posterior+labels,adversary humans,50,0.4391111111111111,0.024622222222222226,28.14562222222223
adversary humans,posterior+labels,adversary humans,100,0.37399999999999994,0.0024444444444444444,33.05208888888888
adversary humans,posterior+labels,adversary humans,105,0.3606666666666667,0.0048,34.3532888888889
adversary humans,posterior+labels,adversary humans,110,0.3031111111111111,0.002088888888888889,37.540866666666666
adversary humans,posterior+labels,adversary humans,125,0.24444444444444444,0.0025333333333333336,39.48246666666664
adversary humans,posterior+labels,adversary humans,150,0.28555555555555556,0.0014222222222222223,38.1298
adversary humans,posterior+labels,adversary humans,200,0.26,0.002888888888888889,38.423222222222215
adversary humans,posterior+labels,adversary humans,250,0.2753333333333333,0.0027555555555555554,40.760066666666674
adversary humans,posterior+labels,adversary humans,300,0.27155555555555555,0.0017333333333333333,39.7880888888889
adversary humans,posterior+labels,control humans,0,0.286,0.34542222222222224,35.70606666666662
adversary humans,posterior+labels,control humans,50,1.0,0.020533333333333334,0.0
adversary humans,posterior+labels,control humans,100,0.9751111111111112,0.010222222222222223,1.0656000000000008
adversary humans,posterior+labels,control humans,105,0.9915555555555555,0.004,0.4286888888888884
adversary humans,posterior+labels,control humans,110,0.9868888888888888,0.002711111111111111,0.537466666666666
adversary humans,posterior+labels,control humans,125,0.9304444444444444,0.002088888888888889,3.4147333333333445
adversary humans,posterior+labels,control humans,150,0.9993333333333333,0.0027555555555555554,0.03506666666666666
adversary humans,posterior+labels,control humans,200,0.9582222222222222,0.0028,1.631155555555556
adversary humans,posterior+labels,control humans,250,1.0,0.0027555555555555554,0.0
adversary humans,posterior+labels,control humans,300,0.9922222222222222,0.004044444444444444,0.29300000000000004
adversary humans,posterior+labels,seen,0,0.29688888888888887,0.3371111111111111,35.07328888888885
adversary humans,posterior+labels,seen,50,0.9948888888888889,0.0188,0.21506666666666652
adversary humans,posterior+labels,seen,100,0.9588888888888889,0.005955555555555556,1.710177777777778
adversary humans,posterior+labels,seen,105,0.9828888888888888,0.0029333333333333334,0.9037777777777778
adversary humans,posterior+labels,seen,110,0.9411111111111111,0.0012444444444444445,3.0127333333333337
adversary humans,posterior+labels,seen,125,0.8915555555555555,0.0037333333333333337,5.554755555555569
adversary humans,posterior+labels,seen,150,0.9306666666666668,0.0018666666666666669,3.324377777777778
adversary humans,posterior+labels,seen,200,0.9017777777777778,0.0014222222222222223,4.690777777777777
adversary humans,posterior+labels,seen,250,0.9286666666666666,0.0015111111111111113,3.9294000000000002
adversary humans,posterior+labels,seen,300,0.9222222222222223,0.0018666666666666669,3.8856
adversary humans,posterior+labels (floored),adversary both,0,0.28044444444444444,0.33240000000000003,35.00264444444442
adversary humans,posterior+labels (floored),adversary both,50,0.4742222222222222,0.9890222222222222,28.775111111111123
adversary humans,posterior+labels (floored),adversary both,100,0.37977777777777777,0.9838222222222222,32.98882222222225
adversary humans,posterior+labels (floored),adversary both,105,0.3031111111111111,0.9713333333333334,36.59108888888891
adversary humans,posterior+labels (floored),adversary both,110,0.26511111111111113,0.8952444444444445,41.09057777777778
adversary humans,posterior+labels (floored),adversary both,125,0.19644444444444445,0.5704,43.35893333333335
adversary humans,posterior+labels (floored),adversary both,150,0.2564444444444445,0.8337333333333333,40.512044444444456
adversary humans,posterior+labels (floored),adversary both,200,0.23399999999999999,0.5664444444444444,42.379844444444444
adversary humans,posterior+labels (floored),adversary both,250,0.2528888888888889,0.8039111111111111,40.45593333333336
adversary humans,posterior+labels (floored),adversary both,300,0.2066666666666667,0.6492,43.321200000000005
adversary humans,posterior+labels (floored),adversary bots,0,0.29044444444444445,0.3268888888888889,34.91971111111108
adversary humans,posterior+labels (floored),adversary bots,50,0.9831111111111112,0.9889333333333334,0.8087111111111112
adversary humans,posterior+labels (floored),adversary bots,100,0.8813333333333334,0.9797333333333333,6.020200000000037
adversary humans,posterior+labels (floored),adversary bots,105,0.9486666666666667,0.9720000000000001,2.8825333333333334
adversary humans,posterior+labels (floored),adversary bots,110,0.9366666666666666,0.8699555555555556,3.422422222222222
adversary humans,posterior+labels (floored),adversary bots,125,0.8144444444444444,0.5298222222222222,10.164733333333352
adversary humans,posterior+labels (floored),adversary bots,150,0.9244444444444445,0.802,3.8957111111111113
adversary humans,posterior+labels (floored),adversary bots,200,0.8713333333333334,0.5372888888888889,6.6523777777777795
adversary humans,posterior+labels (floored),adversary bots,250,0.9202222222222223,0.7623555555555555,4.0876222222222225
adversary humans,posterior+labels (floored),adversary bots,300,0.8897777777777778,0.5701777777777778,5.616177777777778
adversary humans,posterior+labels (floored),adversary humans,0,0.28444444444444444,0.3589333333333334,35.3453333333333
adversary humans,posterior+labels (floored),adversary humans,50,0.5317777777777778,0.026177777777777782,25.30406666666668
adversary humans,posterior+labels (floored),adversary humans,100,0.4335555555555556,0.014755555555555556,29.608288888888925
adversary humans,posterior+labels (floored),adversary humans,105,0.3446666666666667,0.011822222222222224,34.38966666666669
adversary humans,posterior+labels (floored),adversary humans,110,0.3086666666666667,0.003777777777777778,38.64497777777777
adversary humans,posterior+labels (floored),adversary humans,125,0.2111111111111111,0.002666666666666667,43.17786666666669
adversary humans,posterior+labels (floored),adversary humans,150,0.3068888888888889,0.0012,37.072533333333325
adversary humans,posterior+labels (floored),adversary humans,200,0.258,0.002488888888888889,40.650799999999975
adversary humans,posterior+labels (floored),adversary humans,250,0.29444444444444445,0.0010666666666666667,37.85882222222225
adversary humans,posterior+labels (floored),adversary humans,300,0.2351111111111111,0.0006222222222222223,40.22851111111111
adversary humans,posterior+labels (floored),control humans,0,0.286,0.34542222222222224,35.70606666666662
adversary humans,posterior+labels (floored),control humans,50,1.0,0.023155555555555558,0.0
adversary humans,posterior+labels (floored),control humans,100,0.8493333333333333,0.009022222222222223,6.958111111111162
adversary humans,posterior+labels (floored),control humans,105,0.9735555555555556,0.0067555555555555554,1.2037555555555548
adversary humans,posterior+labels (floored),control humans,110,0.9942222222222222,0.0011111111111111111,0.19904444444444447
adversary humans,posterior+labels (floored),control humans,125,0.8466666666666667,0.002577777777777778,8.344888888888908
adversary humans,posterior+labels (floored),control humans,150,0.99,0.0017777777777777779,0.37266666666666665
adversary humans,posterior+labels (floored),control humans,200,0.9084444444444445,0.003911111111111111,4.3689111111111085
adversary humans,posterior+labels (floored),control humans,250,0.9766666666666667,0.0010222222222222221,1.097822222222222
adversary humans,posterior+labels (floored),control humans,300,0.9686666666666666,0.0015111111111111113,1.288488888888889
adversary humans,posterior+labels (floored),seen,0,0.29688888888888887,0.3371111111111111,35.07328888888885
adversary humans,posterior+labels (floored),seen,50,0.9924444444444444,0.026177777777777776,0.3369555555555556
adversary humans,posterior+labels (floored),seen,100,0.8491111111111111,0.01257777777777778,7.694822222222277
adversary humans,posterior+labels (floored),seen,105,0.958,0.008533333333333334,1.8945333333333334
adversary humans,posterior+labels (floored),seen,110,0.9417777777777778,0.0015555555555555557,2.8226666666666667
adversary humans,posterior+labels (floored),seen,125,0.8224444444444444,0.0032444444444444448,9.070466666666686
adversary humans,posterior+labels (floored),seen,150,0.9408888888888888,0.0011111111111111111,3.3068666666666666
adversary humans,posterior+labels (floored),seen,200,0.8822222222222222,0.002,6.048000000000001
adversary humans,posterior+labels (floored),seen,250,0.9406666666666667,0.0017333333333333333,2.8536222222222225
adversary humans,posterior+labels (floored),seen,300,0.9046666666666667,0.0008444444444444444,4.588022222222222
adversary humans,proxy,adversary both,0,0.28044444444444444,0.33240000000000003,35.00264444444442
adversary humans,proxy,adversary both,50,1.0,1.0,0.0
adversary humans,proxy,adversary both,100,1.0,1.0,0.0
adversary humans,proxy,adversary both,105,1.0,1.0,0.0
adversary humans,proxy,adversary both,110,1.0,1.0,0.0
adversary humans,proxy,adversary both,125,1.0,1.0,0.0
adversary humans,proxy,adversary both,150,1.0,1.0,0.0
adversary humans,proxy,adversary both,200,1.0,1.0,0.0
adversary humans,proxy,adversary both,250,1.0,1.0,0.0
adversary humans,proxy,adversary both,300,1.0,1.0,0.0
adversary humans,proxy,adversary bots,0,0.29044444444444445,0.3268888888888889,34.91971111111108
adversary humans,proxy,adversary bots,50,1.0,1.0,0.0
adversary humans,proxy,adversary bots,100,1.0,1.0,0.0
adversary humans,proxy,adversary bots,105,1.0,1.0,0.0
adversary humans,proxy,adversary bots,110,1.0,1.0,0.0
adversary humans,proxy,adversary bots,125,1.0,1.0,0.0
adversary humans,proxy,adversary bots,150,1.0,1.0,0.0
adversary humans,proxy,adversary bots,200,1.0,1.0,0.0
adversary humans,proxy,adversary bots,250,1.0,1.0,0.0
adversary humans,proxy,adversary bots,300,1.0,1.0,0.0
adversary humans,proxy,adversary humans,0,0.28444444444444444,0.3589333333333334,35.3453333333333
adversary humans,proxy,adversary humans,50,1.0,1.0,0.0
adversary humans,proxy,adversary humans,100,1.0,1.0,0.0
adversary humans,proxy,adversary humans,105,1.0,1.0,0.0
adversary humans,proxy,adversary humans,110,1.0,1.0,0.0
adversary humans,proxy,adversary humans,125,1.0,1.0,0.0
adversary humans,proxy,adversary humans,150,1.0,1.0,0.0
adversary humans,proxy,adversary humans,200,1.0,1.0,0.0
adversary humans,proxy,adversary humans,250,1.0,1.0,0.0
adversary humans,proxy,adversary humans,300,1.0,1.0,0.0
adversary humans,proxy,control humans,0,0.286,0.34542222222222224,35.70606666666662
adversary humans,proxy,control humans,50,1.0,1.0,0.0
adversary humans,proxy,control humans,100,1.0,1.0,0.0
adversary humans,proxy,control humans,105,1.0,1.0,0.0
adversary humans,proxy,control humans,110,1.0,1.0,0.0
adversary humans,proxy,control humans,125,1.0,1.0,0.0
adversary humans,proxy,control humans,150,1.0,1.0,0.0
adversary humans,proxy,control humans,200,1.0,1.0,0.0
adversary humans,proxy,control humans,250,1.0,1.0,0.0
adversary humans,proxy,control humans,300,1.0,1.0,0.0
adversary humans,proxy,seen,0,0.29688888888888887,0.3371111111111111,35.07328888888885
adversary humans,proxy,seen,50,1.0,1.0,0.0
adversary humans,proxy,seen,100,1.0,1.0,0.0
adversary humans,proxy,seen,105,1.0,1.0,0.0
adversary humans,proxy,seen,110,1.0,1.0,0.0
adversary humans,proxy,seen,125,1.0,1.0,0.0
adversary humans,proxy,seen,150,1.0,1.0,0.0
adversary humans,proxy,seen,200,1.0,1.0,0.0
adversary humans,proxy,seen,250,1.0,1.0,0.0
adversary humans,proxy,seen,300,1.0,1.0,0.0
adversary humans,score-only,adversary both,0,0.28044444444444444,0.33240000000000003,35.00264444444442
adversary humans,score-only,adversary both,50,0.2591111111111111,0.8752,39.56075555555555
adversary humans,score-only,adversary both,100,0.23177777777777778,0.5906666666666667,38.41786666666667
adversary humans,score-only,adversary both,105,0.20755555555555555,0.5497777777777777,38.302333333333365
adversary humans,score-only,adversary both,110,0.21266666666666667,0.5588444444444445,39.22864444444445
adversary humans,score-only,adversary both,125,0.21266666666666667,0.5821333333333333,38.63473333333334
adversary humans,score-only,adversary both,150,0.19955555555555557,0.5743555555555555,40.747711111111144
adversary humans,score-only,adversary both,200,0.20155555555555557,0.5639555555555555,39.61957777777783
adversary humans,score-only,adversary both,250,0.19333333333333333,0.5265777777777777,41.07151111111112
adversary humans,score-only,adversary both,300,0.20088888888888892,0.6229333333333333,40.993800000000036
adversary humans,score-only,adversary bots,0,0.29044444444444445,0.3268888888888889,34.91971111111108
adversary humans,score-only,adversary bots,50,0.9248888888888889,0.8842222222222222,3.751866666666667
adversary humans,score-only,adversary bots,100,0.9204444444444445,0.626,3.557844444444444
adversary humans,score-only,adversary bots,105,0.9142222222222223,0.5762222222222222,4.020355555555556
adversary humans,score-only,adversary bots,110,0.9233333333333332,0.5820000000000001,3.7936888888888882
adversary humans,score-only,adversary bots,125,0.926,0.5962222222222222,3.6944
adversary humans,score-only,adversary bots,150,0.9153333333333333,0.5832444444444445,3.879933333333333
adversary humans,score-only,adversary bots,200,0.9206666666666666,0.5856888888888889,3.606977777777778
adversary humans,score-only,adversary bots,250,0.9091111111111112,0.5448,4.469533333333335
adversary humans,score-only,adversary bots,300,0.9186666666666667,0.6253333333333333,3.8015111111111115
adversary humans,score-only,adversary humans,0,0.28444444444444444,0.3589333333333334,35.3453333333333
adversary humans,score-only,adversary humans,50,0.24911111111111112,0.007155555555555556,39.501822222222216
adversary humans,score-only,adversary humans,100,0.21488888888888888,0.008933333333333333,39.14653333333334
adversary humans,score-only,adversary humans,105,0.2046666666666667,0.010755555555555556,40.06544444444448
adversary humans,score-only,adversary humans,110,0.208,0.005511111111111111,39.98808888888889
adversary humans,score-only,adversary humans,125,0.2048888888888889,0.006577777777777778,39.62735555555555
adversary humans,score-only,adversary humans,150,0.19777777777777777,0.009733333333333333,39.783711111111145
adversary humans,score-only,adversary humans,200,0.20177777777777778,0.009822222222222222,39.88540000000004
adversary humans,score-only,adversary humans,250,0.19066666666666668,0.008533333333333334,41.09117777777778
adversary humans,score-only,adversary humans,300,0.19422222222222224,0.013422222222222223,41.035000000000025
adversary humans,score-only,control humans,0,0.286,0.34542222222222224,35.70606666666662
adversary humans,score-only,control humans,50,0.9944444444444445,0.0056,0.14322222222222222
adversary humans,score-only,control humans,100,0.9406666666666667,0.009777777777777778,2.6255333333333333
adversary humans,score-only,control humans,105,0.9375555555555555,0.02142222222222222,2.8428888888888886
adversary humans,score-only,control humans,110,0.9291111111111111,0.008755555555555556,3.2819555555555553
adversary humans,score-only,control humans,125,0.9351111111111111,0.005244444444444445,2.9268888888888887
adversary humans,score-only,control humans,150,0.922,0.013288888888888888,3.568933333333333
adversary humans,score-only,control humans,200,0.8982222222222223,0.013022222222222221,5.795777777777777
adversary humans,score-only,control humans,250,0.8706666666666667,0.015911111111111112,7.543200000000004
adversary humans,score-only,control humans,300,0.8686666666666667,0.01697777777777778,7.720422222222222
adversary humans,score-only,seen,0,0.29688888888888887,0.3371111111111111,35.07328888888885
adversary humans,score-only,seen,50,0.9177777777777779,0.0061333333333333335,4.181133333333333
adversary humans,score-only,seen,100,0.9206666666666666,0.010844444444444445,3.7305555555555556
adversary humans,score-only,seen,105,0.9122222222222222,0.015066666666666667,4.038977777777777
adversary humans,score-only,seen,110,0.9184444444444444,0.009200000000000002,3.519666666666666
adversary humans,score-only,seen,125,0.9237777777777778,0.006666666666666666,3.4079333333333333
adversary humans,score-only,seen,150,0.9071111111111111,0.009333333333333332,3.7471333333333328
adversary humans,score-only,seen,200,0.9188888888888889,0.010622222222222224,3.3981999999999997
adversary humans,score-only,seen,250,0.9013333333333334,0.010666666666666668,4.581555555555559
adversary humans,score-only,seen,300,0.9193333333333332,0.01528888888888889,3.375644444444444
no injection,oracle,adversary both,0,0.28044444444444444,0.33240000000000003,35.00264444444442
no injection,oracle,adversary both,50,0.3602222222222222,0.9862666666666666,40.86486666666664
no injection,oracle,adversary both,100,0.35755555555555557,0.9953333333333333,40.361088888888894
no injection,oracle,adversary both,105,0.3426666666666667,0.9924888888888889,41.257244444444446
no injection,oracle,adversary both,110,0.3248888888888889,0.9904444444444445,41.69186666666667
no injection,oracle,adversary both,125,0.32911111111111113,0.9858222222222223,41.096311111111106
no injection,oracle,adversary both,150,0.306,0.9900888888888889,41.4884888888889
no injection,oracle,adversary both,200,0.2882222222222222,0.9863999999999999,44.39940000000001
no injection,oracle,adversary both,250,0.29244444444444445,0.9884000000000001,44.26804444444445
no injection,oracle,adversary both,300,0.29244444444444445,0.9866666666666666,44.21691111111112
no injection,oracle,adversary bots,0,0.29044444444444445,0.3268888888888889,34.91971111111108
no injection,oracle,adversary bots,50,0.9979999999999999,0.9835111111111112,0.06804444444444444
no injection,oracle,adversary bots,100,0.9755555555555555,0.9947999999999999,1.1583555555555556
no injection,oracle,adversary bots,105,0.9933333333333334,0.9929777777777777,0.3370666666666668
no injection,oracle,adversary bots,110,0.9388888888888889,0.9893777777777777,3.0557111111111164
no injection,oracle,adversary bots,125,0.9542222222222222,0.982,2.341799999999998
no injection,oracle,adversary bots,150,0.9666666666666667,0.9903111111111111,1.7030222222222209
no injection,oracle,adversary bots,200,0.9164444444444445,0.9864444444444445,4.196311111111102
no injection,oracle,adversary bots,250,0.963111111111111,0.9863999999999999,1.9919333333333333
no injection,oracle,adversary bots,300,0.9575555555555556,0.985111111111111,2.444844444444441
no injection,oracle,adversary humans,0,0.28444444444444444,0.3589333333333334,35.3453333333333
no injection,oracle,adversary humans,50,0.3928888888888889,0.0036,37.32299999999997
no injection,oracle,adversary humans,100,0.3828888888888889,0.0,37.24953333333334
no injection,oracle,adversary humans,105,0.37133333333333335,0.0,39.693200000000004
no injection,oracle,adversary humans,110,0.3546666666666667,0.0,39.04488888888889
no injection,oracle,adversary humans,125,0.3631111111111111,0.0,39.05053333333334
no injection,oracle,adversary humans,150,0.3171111111111111,0.0,41.61497777777781
no injection,oracle,adversary humans,200,0.30777777777777776,0.0,42.13106666666668
no injection,oracle,adversary humans,250,0.3044444444444444,0.0,42.211422222222225
no injection,oracle,adversary humans,300,0.306,0.00017777777777777779,42.4116666666667
no injection,oracle,control humans,0,0.286,0.34542222222222224,35.70606666666662
no injection,oracle,control humans,50,0.9962222222222222,0.002,0.1786666666666667
no injection,oracle,control humans,100,0.9411111111111111,0.0,2.762755555555554
no injection,oracle,control humans,105,0.9888888888888889,0.0,0.511377777777778
no injection,oracle,control humans,110,0.8819999999999999,0.0,5.5296000000000065
no injection,oracle,control humans,125,0.9353333333333332,0.0,2.895311111111102
no injection,oracle,control humans,150,0.9162222222222222,0.0,3.890044444444436
no injection,oracle,control humans,200,0.9031111111111111,0.0,4.640222222222216
no injection,oracle,control humans,250,0.9606666666666666,4.4444444444444447e-05,1.8289555555555554
no injection,oracle,control humans,300,0.9382222222222222,4.4444444444444447e-05,2.737311111111102
no injection,oracle,seen,0,0.29688888888888887,0.3371111111111111,35.07328888888885
no injection,oracle,seen,50,0.9986666666666666,0.002,0.049
no injection,oracle,seen,100,0.9664444444444444,0.0,1.7819555555555555
no injection,oracle,seen,105,0.9935555555555555,0.0,0.36737777777777786
no injection,oracle,seen,110,0.884888888888889,0.0,5.721755555555559
no injection,oracle,seen,125,0.9362222222222223,0.0,3.108711111111103
no injection,oracle,seen,150,0.9264444444444444,0.0,3.305155555555549
no injection,oracle,seen,200,0.890888888888889,0.0,5.604599999999997
no injection,oracle,seen,250,0.9675555555555555,0.0,1.564422222222222
no injection,oracle,seen,300,0.9211111111111112,4.4444444444444447e-05,3.7839111111110957
no injection,posterior,adversary both,0,0.28044444444444444,0.33240000000000003,35.00264444444442
no injection,posterior,adversary both,50,0.3157777777777778,0.9442222222222223,34.21315555555556
no injection,posterior,adversary both,100,0.3491111111111111,0.9167111111111111,33.62213333333333
no injection,posterior,adversary both,105,0.32022222222222224,0.8901777777777777,35.192777777777785
no injection,posterior,adversary both,110,0.3933333333333333,0.9246222222222221,30.653888888888872
no injection,posterior,adversary both,125,0.3268888888888889,0.988,34.980244444444445
no injection,posterior,adversary both,150,0.3257777777777778,0.9848,35.600600000000014
no injection,posterior,adversary both,200,0.3208888888888889,0.9856444444444444,37.253866666666674
no injection,posterior,adversary both,250,0.3462222222222222,0.9880888888888889,34.364266666666666
no injection,posterior,adversary both,300,0.3015555555555556,0.9693333333333333,36.88455555555557
no injection,posterior,adversary bots,0,0.29044444444444445,0.3268888888888889,34.91971111111108
no injection,posterior,adversary bots,50,0.9555555555555556,0.9265777777777777,2.4003777777777775
no injection,posterior,adversary bots,100,0.9542222222222222,0.9168000000000001,2.225155555555555
no injection,posterior,adversary bots,105,0.9584444444444445,0.8690222222222223,2.3330444444444445
no injection,posterior,adversary bots,110,0.9199999999999999,0.9143555555555556,3.988155555555573
no injection,posterior,adversary bots,125,0.9544444444444445,0.9866222222222222,2.395622222222222
no injection,posterior,adversary bots,150,0.9315555555555556,0.9858222222222223,3.6325111111111092
no injection,posterior,adversary bots,200,0.9666666666666667,0.9835111111111112,1.8673555555555557
no injection,posterior,adversary bots,250,0.9562222222222222,0.9865333333333333,2.270111111111111
no injection,posterior,adversary bots,300,0.95,0.9761777777777777,2.8376
no injection,posterior,adversary humans,0,0.28444444444444444,0.3589333333333334,35.3453333333333
no injection,posterior,adversary humans,50,0.3584444444444444,0.016666666666666666,31.73157777777778
no injection,posterior,adversary humans,100,0.3824444444444445,0.013422222222222223,32.90404444444443
no injection,posterior,adversary humans,105,0.32355555555555554,0.012044444444444444,36.436933333333336
no injection,posterior,adversary humans,110,0.39955555555555555,0.03248888888888889,30.765177777777748
no injection,posterior,adversary humans,125,0.35244444444444445,0.003955555555555555,33.369266666666654
no injection,posterior,adversary humans,150,0.3313333333333333,0.0023111111111111114,35.33113333333335
no injection,posterior,adversary humans,200,0.34488888888888886,0.0016000000000000003,36.54722222222223
no injection,posterior,adversary humans,250,0.37444444444444447,0.01888888888888889,32.206755555555574
no injection,posterior,adversary humans,300,0.33,0.004355555555555556,35.955200000000005
no injection,posterior,control humans,0,0.286,0.34542222222222224,35.70606666666662
no injection,posterior,control humans,50,1.0,0.013377777777777777,0.0
no injection,posterior,control humans,100,0.9760000000000001,0.0108,1.0081333333333338
no injection,posterior,control humans,105,0.9828888888888888,0.01582222222222222,0.8012222222222221
no injection,posterior,control humans,110,0.9284444444444445,0.03133333333333333,3.233888888888913
no injection,posterior,control humans,125,0.986,0.0023111111111111114,0.5585111111111106
no injection,posterior,control humans,150,0.9351111111111111,0.007555555555555556,3.104177777777771
no injection,posterior,control humans,200,0.9902222222222222,0.0011111111111111111,0.462244444444444
no injection,posterior,control humans,250,0.9622222222222222,0.015244444444444446,1.5583111111111119
no injection,posterior,control humans,300,1.0,0.004577777777777778,0.0
no injection,posterior,seen,0,0.29688888888888887,0.3371111111111111,35.07328888888885
no injection,posterior,seen,50,0.9622222222222222,0.010666666666666666,1.9654000000000003
no injection,posterior,seen,100,0.9686666666666668,0.011644444444444445,1.4254888888888881
no injection,posterior,seen,105,0.9600000000000001,0.009288888888888888,2.086377777777778
no injection,posterior,seen,110,0.9033333333333333,0.029777777777777778,4.655911111111137
no injection,posterior,seen,125,0.9682222222222222,0.0026222222222222224,1.535133333333333
no injection,posterior,seen,150,0.9204444444444445,0.0034666666666666665,3.8218888888888842
no injection,posterior,seen,200,0.9702222222222221,0.0017777777777777779,1.4240666666666666
no injection,posterior,seen,250,0.9626666666666667,0.016177777777777777,1.9654222222222226
no injection,posterior,seen,300,0.9653333333333333,0.0029333333333333334,1.7141777777777778
no injection,posterior (floored),adversary both,0,0.28044444444444444,0.33240000000000003,35.00264444444442
no injection,posterior (floored),adversary both,50,0.2797777777777778,0.6038222222222223,39.069177777777746
no injection,posterior (floored),adversary both,100,0.34955555555555556,0.9194222222222223,34.68017777777778
no injection,posterior (floored),adversary both,105,0.3248888888888889,0.9344888888888889,35.99862222222222
no injection,posterior (floored),adversary both,110,0.4442222222222222,0.9871111111111112,28.463622222222224
no injection,posterior (floored),adversary both,125,0.34022222222222226,0.9144000000000001,34.80293333333331
no injection,posterior (floored),adversary both,150,0.31333333333333335,0.8709333333333333,35.66104444444442
no injection,posterior (floored),adversary both,200,0.42977777777777776,0.8795555555555555,29.167088888888884
no injection,posterior (floored),adversary both,250,0.3946666666666667,0.9094222222222222,32.738133333333316
no injection,posterior (floored),adversary both,300,0.29000000000000004,0.8934222222222222,37.7130666666667
no injection,posterior (floored),adversary bots,0,0.29044444444444445,0.3268888888888889,34.91971111111108
no injection,posterior (floored),adversary bots,50,0.8537777777777779,0.5813777777777778,7.285977777777784
no injection,posterior (floored),adversary bots,100,0.9595555555555555,0.9010666666666667,1.975511111111111
no injection,posterior (floored),adversary bots,105,0.9286666666666666,0.9248,3.4490222222222275
no injection,posterior (floored),adversary bots,110,0.9695555555555556,0.9869333333333333,1.7706444444444445
no injection,posterior (floored),adversary bots,125,0.9497777777777778,0.9111555555555556,2.3326000000000024
no injection,posterior (floored),adversary bots,150,0.922,0.8615111111111111,4.2260000000000195
no injection,posterior (floored),adversary bots,200,0.9413333333333334,0.8632444444444444,2.6945777777777726
no injection,posterior (floored),adversary bots,250,0.9677777777777777,0.906888888888889,1.812444444444444
no injection,posterior (floored),adversary bots,300,0.9482222222222223,0.917911111111111,2.532355555555557
no injection,posterior (floored),adversary humans,0,0.28444444444444444,0.3589333333333334,35.3453333333333
no injection,posterior (floored),adversary humans,50,0.30933333333333335,0.02071111111111111,36.78417777777775
no injection,posterior (floored),adversary humans,100,0.4117777777777778,0.016444444444444446,31.64222222222222
no injection,posterior (floored),adversary humans,105,0.3617777777777778,0.006666666666666666,34.48093333333331
no injection,posterior (floored),adversary humans,110,0.5042222222222222,0.044088888888888886,25.63982222222222
no injection,posterior (floored),adversary humans,125,0.4037777777777778,0.007066666666666666,31.85762222222219
no injection,posterior (floored),adversary humans,150,0.3593333333333334,0.004577777777777778,33.54299999999998
no injection,posterior (floored),adversary humans,200,0.498,0.21666666666666667,25.97537777777776
no injection,posterior (floored),adversary humans,250,0.42577777777777776,0.06737777777777777,30.434533333333317
no injection,posterior (floored),adversary humans,300,0.27311111111111114,0.002977777777777778,40.41153333333338
no injection,posterior (floored),control humans,0,0.286,0.34542222222222224,35.70606666666662
no injection,posterior (floored),control humans,50,0.8966666666666667,0.018222222222222223,4.950800000000005
no injection,posterior (floored),control humans,100,0.978,0.007866666666666668,1.0602222222222222
no injection,posterior (floored),control humans,105,0.9606666666666666,0.005955555555555556,1.8236888888888971
no injection,posterior (floored),control humans,110,0.9826666666666667,0.0616888888888889,0.7857777777777765
no injection,posterior (floored),control humans,125,0.9824444444444445,0.005511111111111111,0.7962888888888884
no injection,posterior (floored),control humans,150,0.9562222222222222,0.0012,1.8952444444444523
no injection,posterior (floored),control humans,200,0.9868888888888888,0.19973333333333332,0.7254222222222219
no injection,posterior (floored),control humans,250,0.9997777777777779,0.06671111111111111,0.034
no injection,posterior (floored),control humans,300,0.9422222222222222,0.0021333333333333334,2.491400000000009
no injection,posterior (floored),seen,0,0.29688888888888887,0.3371111111111111,35.07328888888885
no injection,posterior (floored),seen,50,0.8826666666666666,0.016622222222222222,5.704444444444451
no injection,posterior (floored),seen,100,0.9662222222222222,0.007822222222222223,1.6323333333333332
no injection,posterior (floored),seen,105,0.9186666666666667,0.002577777777777778,4.636955555555571
no injection,posterior (floored),seen,110,0.9762222222222222,0.0428,1.4177111111111114
no injection,posterior (floored),seen,125,0.9608888888888889,0.006222222222222223,1.851333333333336
no injection,posterior (floored),seen,150,0.9337777777777777,0.0028444444444444446,3.1962666666666797
no injection,posterior (floored),seen,200,0.9695555555555556,0.2084888888888889,1.6695555555555546
no injection,posterior (floored),seen,250,0.9768888888888889,0.06764444444444445,1.2284666666666666
no injection,posterior (floored),seen,300,0.912,0.0016888888888888889,4.211377777777787
no injection,posterior+labels,adversary both,0,0.28044444444444444,0.33240000000000003,35.00264444444442
no injection,posterior+labels,adversary both,50,0.39844444444444443,0.9933333333333334,30.842311111111126
no injection,posterior+labels,adversary both,100,0.35244444444444445,0.990488888888889,33.04917777777778
no injection,posterior+labels,adversary both,105,0.4093333333333334,0.9910222222222221,30.48942222222223
no injection,posterior+labels,adversary both,110,0.33066666666666666,0.9854666666666666,35.90973333333334
no injection,posterior+labels,adversary both,125,0.2668888888888889,0.9200888888888888,39.58353333333335
no injection,posterior+labels,adversary both,150,0.3317777777777778,0.9348000000000001,35.74513333333334
no injection,posterior+labels,adversary both,200,0.2782222222222222,0.9685777777777778,39.17084444444446
no injection,posterior+labels,adversary both,250,0.3268888888888889,0.9724444444444444,35.22055555555554
no injection,posterior+labels,adversary both,300,0.3428888888888889,0.9866666666666666,35.66186666666669
no injection,posterior+labels,adversary bots,0,0.29044444444444445,0.3268888888888889,34.91971111111108
no injection,posterior+labels,adversary bots,50,0.9897777777777778,0.9921333333333333,0.6450222222222222
no injection,posterior+labels,adversary bots,100,0.9593333333333334,0.9891555555555556,1.8895999999999995
no injection,posterior+labels,adversary bots,105,0.9646666666666668,0.9907555555555556,1.6005555555555553
no injection,posterior+labels,adversary bots,110,0.9331111111111111,0.9865333333333333,3.1270000000000038
no injection,posterior+labels,adversary bots,125,0.9208888888888889,0.9072888888888889,3.646688888888889
no injection,posterior+labels,adversary bots,150,0.9615555555555556,0.9084444444444445,2.0211111111111113
no injection,posterior+labels,adversary bots,200,0.9142222222222223,0.9724888888888888,4.7350444444444415
no injection,posterior+labels,adversary bots,250,0.9402222222222223,0.9674222222222222,2.912622222222223
no injection,posterior+labels,adversary bots,300,0.9373333333333334,0.9860444444444444,3.1827777777777744
no injection,posterior+labels,adversary humans,0,0.28444444444444444,0.3589333333333334,35.3453333333333
no injection,posterior+labels,adversary humans,50,0.4391111111111111,0.024622222222222226,28.14562222222223
no injection,posterior+labels,adversary humans,100,0.37399999999999994,0.0024444444444444444,33.05208888888888
no injection,posterior+labels,adversary humans,105,0.4633333333333334,0.02231111111111111,28.005888888888887
no injection,posterior+labels,adversary humans,110,0.3617777777777778,0.005866666666666667,33.97335555555556
no injection,posterior+labels,adversary humans,125,0.2833333333333333,0.0019555555555555554,38.280222222222235
no injection,posterior+labels,adversary humans,150,0.37711111111111106,0.0032444444444444443,33.3542
no injection,posterior+labels,adversary humans,200,0.304,0.002488888888888889,38.340711111111126
no injection,posterior+labels,adversary humans,250,0.3571111111111111,0.006933333333333333,34.28937777777776
no injection,posterior+labels,adversary humans,300,0.3768888888888889,0.027333333333333334,34.018133333333346
no injection,posterior+labels,control humans,0,0.286,0.34542222222222224,35.70606666666662
no injection,posterior+labels,control humans,50,1.0,0.020533333333333334,0.0
no injection,posterior+labels,control humans,100,0.9751111111111112,0.010222222222222223,1.0656000000000008
no injection,posterior+labels,control humans,105,0.9711111111111111,0.018266666666666667,1.1295777777777778
no injection,posterior+labels,control humans,110,0.9544444444444445,0.008266666666666667,1.8598666666666757
no injection,posterior+labels,control humans,125,0.9706666666666667,0.0019555555555555554,1.0991111111111111
no injection,posterior+labels,control humans,150,0.9931111111111111,0.0016444444444444445,0.3014888888888889
no injection,posterior+labels,control humans,200,0.9691111111111111,0.0036,1.2348666666666663
no injection,posterior+labels,control humans,250,0.9657777777777778,0.006444444444444444,1.456977777777781
no injection,posterior+labels,control humans,300,0.9928888888888889,0.025777777777777774,0.3175555555555556
no injection,posterior+labels,seen,0,0.29688888888888887,0.3371111111111111,35.07328888888885
no injection,posterior+labels,seen,50,0.9948888888888889,0.0188,0.21506666666666652
no injection,posterior+labels,seen,100,0.9588888888888889,0.005955555555555556,1.710177777777778
no injection,posterior+labels,seen,105,0.9702222222222221,0.01808888888888889,1.5758666666666663
no injection,posterior+labels,seen,110,0.9246666666666666,0.003333333333333333,3.700155555555568
no injection,posterior+labels,seen,125,0.9184444444444444,0.0018222222222222223,3.5968222222222224
no injection,posterior+labels,seen,150,0.982,0.0018666666666666669,0.9056444444444446
no injection,posterior+labels,seen,200,0.9075555555555557,0.005377777777777778,4.319288888888885
no injection,posterior+labels,seen,250,0.9366666666666666,0.006844444444444445,2.9973111111111126
no injection,posterior+labels,seen,300,0.9602222222222222,0.023733333333333335,1.995955555555556
no injection,posterior+labels (floored),adversary both,0,0.28044444444444444,0.33240000000000003,35.00264444444442
no injection,posterior+labels (floored),adversary both,50,0.4742222222222222,0.9890222222222222,28.775111111111123
no injection,posterior+labels (floored),adversary both,100,0.37977777777777777,0.9838222222222222,32.98882222222225
no injection,posterior+labels (floored),adversary both,105,0.3408888888888889,0.9855555555555556,34.642911111111125
no injection,posterior+labels (floored),adversary both,110,0.3111111111111111,0.9631111111111111,36.29484444444446
no injection,posterior+labels (floored),adversary both,125,0.28733333333333333,0.8237777777777778,37.75868888888892
no injection,posterior+labels (floored),adversary both,150,0.3257777777777778,0.9791111111111112,36.11960000000002
no injection,posterior+labels (floored),adversary both,200,0.3042222222222222,0.9414222222222222,35.55502222222223
no injection,posterior+labels (floored),adversary both,250,0.32022222222222224,0.9630666666666667,36.15384444444446
no injection,posterior+labels (floored),adversary both,300,0.31244444444444447,0.9319111111111111,37.13231111111111
no injection,posterior+labels (floored),adversary bots,0,0.29044444444444445,0.3268888888888889,34.91971111111108
no injection,posterior+labels (floored),adversary bots,50,0.9831111111111112,0.9889333333333334,0.8087111111111112
no injection,posterior+labels (floored),adversary bots,100,0.8813333333333334,0.9797333333333333,6.020200000000037
no injection,posterior+labels (floored),adversary bots,105,0.9562222222222222,0.9844444444444443,2.1980666666666666
no injection,posterior+labels (floored),adversary bots,110,0.902,0.9592888888888889,4.765022222222232
no injection,posterior+labels (floored),adversary bots,125,0.8117777777777778,0.8029777777777778,8.705555555555584
no injection,posterior+labels (floored),adversary bots,150,0.9597777777777777,0.9756888888888888,2.1954000000000002
no injection,posterior+labels (floored),adversary bots,200,0.9146666666666666,0.9388000000000001,4.102133333333346
no injection,posterior+labels (floored),adversary bots,250,0.8928888888888888,0.9589333333333333,5.245377777777777
no injection,posterior+labels (floored),adversary bots,300,0.9335555555555555,0.9305777777777777,3.8211999999999997
no injection,posterior+labels (floored),adversary humans,0,0.28444444444444444,0.3589333333333334,35.3453333333333
no injection,posterior+labels (floored),adversary humans,50,0.5317777777777778,0.026177777777777782,25.30406666666668
no injection,posterior+labels (floored),adversary humans,100,0.4335555555555556,0.014755555555555556,29.608288888888925
no injection,posterior+labels (floored),adversary humans,105,0.37844444444444447,0.009555555555555555,31.461911111111117
no injection,posterior+labels (floored),adversary humans,110,0.34911111111111115,0.0035555555555555557,34.51166666666665
no injection,posterior+labels (floored),adversary humans,125,0.3308888888888889,0.022577777777777776,34.9193777777778
no injection,posterior+labels (floored),adversary humans,150,0.38333333333333336,0.005955555555555556,32.88482222222224
no injection,posterior+labels (floored),adversary humans,200,0.33555555555555555,0.004355555555555556,33.85151111111107
no injection,posterior+labels (floored),adversary humans,250,0.3462222222222222,0.004266666666666667,34.45777777777779
no injection,posterior+labels (floored),adversary humans,300,0.34688888888888886,0.007600000000000001,36.23488888888889
no injection,posterior+labels (floored),control humans,0,0.286,0.34542222222222224,35.70606666666662
no injection,posterior+labels (floored),control humans,50,1.0,0.023155555555555558,0.0
no injection,posterior+labels (floored),control humans,100,0.8493333333333333,0.009022222222222223,6.958111111111162
no injection,posterior+labels (floored),control humans,105,0.9782222222222223,0.007822222222222223,0.898466666666667
no injection,posterior+labels (floored),control humans,110,0.9177777777777777,0.0008444444444444444,3.579533333333357
no injection,posterior+labels (floored),control humans,125,0.866,0.017955555555555558,6.143222222222244
no injection,posterior+labels (floored),control humans,150,1.0,0.0023111111111111114,0.0
no injection,posterior+labels (floored),control humans,200,0.9255555555555556,0.0041333333333333335,3.3875555555555765
no injection,posterior+labels (floored),control humans,250,0.9,0.004755555555555555,4.742622222222223
no injection,posterior+labels (floored),control humans,300,0.9542222222222222,0.009466666666666668,2.2307333333333315
no injection,posterior+labels (floored),seen,0,0.29688888888888887,0.3371111111111111,35.07328888888885
no injection,posterior+labels (floored),seen,50,0.9924444444444444,0.026177777777777776,0.3369555555555556
no injection,posterior+labels (floored),seen,100,0.8491111111111111,0.01257777777777778,7.694822222222277
no injection,posterior+labels (floored),seen,105,0.9606666666666666,0.009911111111111112,1.7713111111111113
no injection,posterior+labels (floored),seen,110,0.9026666666666666,0.0004888888888888889,5.057533333333358
no injection,posterior+labels (floored),seen,125,0.8226666666666668,0.017911111111111114,8.371555555555585
no injection,posterior+labels (floored),seen,150,0.9808888888888889,0.0015555555555555557,1.0307111111111111
no injection,posterior+labels (floored),seen,200,0.8931111111111111,0.006,5.281977777777806
no injection,posterior+labels (floored),seen,250,0.8786666666666666,0.0019111111111111113,5.612666666666674
no injection,posterior+labels (floored),seen,300,0.9391111111111111,0.007333333333333334,3.4788888888888896
no injection,proxy,adversary both,0,0.28044444444444444,0.33240000000000003,35.00264444444442
no injection,proxy,adversary both,50,1.0,1.0,0.0
no injection,proxy,adversary both,100,1.0,1.0,0.0
no injection,proxy,adversary both,105,1.0,1.0,0.0
no injection,proxy,adversary both,110,1.0,1.0,0.0
no injection,proxy,adversary both,125,1.0,1.0,0.0
no injection,proxy,adversary both,150,1.0,1.0,0.0
no injection,proxy,adversary both,200,1.0,1.0,0.0
no injection,proxy,adversary both,250,1.0,1.0,0.0
no injection,proxy,adversary both,300,1.0,1.0,0.0
no injection,proxy,adversary bots,0,0.29044444444444445,0.3268888888888889,34.91971111111108
no injection,proxy,adversary bots,50,1.0,1.0,0.0
no injection,proxy,adversary bots,100,1.0,1.0,0.0
no injection,proxy,adversary bots,105,1.0,1.0,0.0
no injection,proxy,adversary bots,110,1.0,1.0,0.0
no injection,proxy,adversary bots,125,1.0,1.0,0.0
no injection,proxy,adversary bots,150,1.0,1.0,0.0
no injection,proxy,adversary bots,200,1.0,1.0,0.0
no injection,proxy,adversary bots,250,1.0,1.0,0.0
no injection,proxy,adversary bots,300,1.0,1.0,0.0
no injection,proxy,adversary humans,0,0.28444444444444444,0.3589333333333334,35.3453333333333
no injection,proxy,adversary humans,50,1.0,1.0,0.0
no injection,proxy,adversary humans,100,1.0,1.0,0.0
no injection,proxy,adversary humans,105,1.0,1.0,0.0
no injection,proxy,adversary humans,110,1.0,1.0,0.0
no injection,proxy,adversary humans,125,1.0,1.0,0.0
no injection,proxy,adversary humans,150,1.0,1.0,0.0
no injection,proxy,adversary humans,200,1.0,1.0,0.0
no injection,proxy,adversary humans,250,1.0,1.0,0.0
no injection,proxy,adversary humans,300,1.0,1.0,0.0
no injection,proxy,control humans,0,0.286,0.34542222222222224,35.70606666666662
no injection,proxy,control humans,50,1.0,1.0,0.0
no injection,proxy,control humans,100,1.0,1.0,0.0
no injection,proxy,control humans,105,1.0,1.0,0.0
no injection,proxy,control humans,110,1.0,1.0,0.0
no injection,proxy,control humans,125,1.0,1.0,0.0
no injection,proxy,control humans,150,1.0,1.0,0.0
no injection,proxy,control humans,200,1.0,1.0,0.0
no injection,proxy,control humans,250,1.0,1.0,0.0
no injection,proxy,control humans,300,1.0,1.0,0.0
no injection,proxy,seen,0,0.29688888888888887,0.3371111111111111,35.07328888888885
no injection,proxy,seen,50,1.0,1.0,0.0
no injection,proxy,seen,100,1.0,1.0,0.0
no injection,proxy,seen,105,1.0,1.0,0.0
no injection,proxy,seen,110,1.0,1.0,0.0
no injection,proxy,seen,125,1.0,1.0,0.0
no injection,proxy,seen,150,1.0,1.0,0.0
no injection,proxy,seen,200,1.0,1.0,0.0
no injection,proxy,seen,250,1.0,1.0,0.0
no injection,proxy,seen,300,1.0,1.0,0.0
no injection,score-only,adversary both,0,0.28044444444444444,0.33240000000000003,35.00264444444442
no injection,score-only,adversary both,50,0.2591111111111111,0.8752,39.56075555555555
no injection,score-only,adversary both,100,0.23177777777777778,0.5906666666666667,38.41786666666667
no injection,score-only,adversary both,105,0.23355555555555554,0.6121777777777777,37.42533333333334
no injection,score-only,adversary both,110,0.21688888888888888,0.5548888888888889,37.72193333333339
no injection,score-only,adversary both,125,0.22688888888888892,0.6312444444444444,36.902044444444485
no injection,score-only,adversary both,150,0.21288888888888888,0.6232444444444444,37.0837777777778
no injection,score-only,adversary both,200,0.22755555555555557,0.6385777777777778,37.33526666666667
no injection,score-only,adversary both,250,0.24533333333333335,0.6464888888888889,37.19031111111113
no injection,score-only,adversary both,300,0.2566666666666667,0.6884888888888889,36.45137777777779
no injection,score-only,adversary bots,0,0.29044444444444445,0.3268888888888889,34.91971111111108
no injection,score-only,adversary bots,50,0.9248888888888889,0.8842222222222222,3.751866666666667
no injection,score-only,adversary bots,100,0.9204444444444445,0.626,3.557844444444444
no injection,score-only,adversary bots,105,0.9228888888888889,0.6213777777777778,3.636822222222222
no injection,score-only,adversary bots,110,0.9184444444444444,0.5767555555555556,3.8642000000000003
no injection,score-only,adversary bots,125,0.9142222222222223,0.6464444444444445,3.7940666666666663
no injection,score-only,adversary bots,150,0.9144444444444444,0.643511111111111,3.986444444444444
no injection,score-only,adversary bots,200,0.8937777777777778,0.6481777777777777,4.781955555555562
no injection,score-only,adversary bots,250,0.912,0.6685333333333333,3.9654000000000007
no injection,score-only,adversary bots,300,0.9199999999999999,0.6958222222222222,3.6453333333333333
no injection,score-only,adversary humans,0,0.28444444444444444,0.3589333333333334,35.3453333333333
no injection,score-only,adversary humans,50,0.24911111111111112,0.007155555555555556,39.501822222222216
no injection,score-only,adversary humans,100,0.21488888888888888,0.008933333333333333,39.14653333333334
no injection,score-only,adversary humans,105,0.23022222222222222,0.015866666666666664,38.711066666666675
no injection,score-only,adversary humans,110,0.2131111111111111,0.03431111111111111,38.18153333333339
no injection,score-only,adversary humans,125,0.22844444444444442,0.019644444444444444,37.56593333333337
no injection,score-only,adversary humans,150,0.21511111111111111,0.031155555555555554,38.44504444444446
no injection,score-only,adversary humans,200,0.22755555555555557,0.04155555555555556,37.92297777777777
no injection,score-only,adversary humans,250,0.24555555555555558,0.045555555555555564,36.5582888888889
no injection,score-only,adversary humans,300,0.2593333333333333,0.048044444444444445,35.66124444444445
no injection,score-only,control humans,0,0.286,0.34542222222222224,35.70606666666662
no injection,score-only,control humans,50,0.9944444444444445,0.0056,0.14322222222222222
no injection,score-only,control humans,100,0.9406666666666667,0.009777777777777778,2.6255333333333333
no injection,score-only,control humans,105,0.9560000000000001,0.01831111111111111,2.144066666666667
no injection,score-only,control humans,110,0.9266666666666667,0.03097777777777778,3.1936666666666667
no injection,score-only,control humans,125,0.9451111111111111,0.019333333333333334,2.5173111111111113
no injection,score-only,control humans,150,0.93,0.02711111111111111,3.1983333333333337
no injection,score-only,control humans,200,0.9106666666666666,0.04764444444444445,4.4426444444444515
no injection,score-only,control humans,250,0.9635555555555555,0.03635555555555556,1.4674888888888884
no injection,score-only,control humans,300,0.9415555555555555,0.041155555555555556,3.0663555555555546
no injection,score-only,seen,0,0.29688888888888887,0.3371111111111111,35.07328888888885
no injection,score-only,seen,50,0.9177777777777779,0.0061333333333333335,4.181133333333333
no injection,score-only,seen,100,0.9206666666666666,0.010844444444444445,3.7305555555555556
no injection,score-only,seen,105,0.914,0.017422222222222224,3.7224666666666666
no injection,score-only,seen,110,0.9153333333333333,0.027066666666666666,3.8600444444444446
no injection,score-only,seen,125,0.9168888888888889,0.015733333333333332,3.738777777777777
no injection,score-only,seen,150,0.9111111111111111,0.023822222222222224,4.312333333333333
no injection,score-only,seen,200,0.8766666666666667,0.03275555555555555,5.263644444444456
no injection,score-only,seen,250,0.9146666666666666,0.03288888888888889,4.138488888888888
no injection,score-only,seen,300,0.918,0.03364444444444444,3.541111111111111
